13/09/2017,00:46:00,5999.75,5999.75,5999.5,5999.5,10
13/09/2017,00:47:00,5999.75,5999.75,5999.5,5999.5,3
13/09/2017,00:48:00,5999.75,5999.75,5999.75,5999.75,4
13/09/2017,00:49:00,5999.75,6000,5999.75,6000,10
13/09/2017,00:51:00,5999.75,5999.75,5999.75,5999.75,2
13/09/2017,00:52:00,5999.75,5999.75,5999.5,5999.5,5
13/09/2017,00:53:00,5999.25,5999.25,5998.75,5999.25,35
13/09/2017,00:54:00,5999.25,5999.25,5999.25,5999.25,5
13/09/2017,00:55:00,5999.25,5999.25,5998.25,5998.25,21
13/09/2017,00:56:00,5998.5,5999,5998.25,5998.25,56
13/09/2017,00:57:00,5998.25,5998.5,5998,5998,48
13/09/2017,00:58:00,5997.75,5998,5997.25,5997.5,59
13/09/2017,00:59:00,5997.5,5997.75,5997.5,5997.75,10
13/09/2017,01:00:00,5997.75,5997.75,5996.25,5996.75,139
13/09/2017,01:01:00,5997,5997.25,5997,5997.25,15
13/09/2017,01:02:00,5997.5,5997.75,5997.25,5997.75,12
13/09/2017,01:03:00,5997.75,5998,5997.25,5997.25,22
13/09/2017,01:04:00,5997.5,5998,5997.25,5997.75,23
13/09/2017,01:05:00,5998,5998,5997,5997.25,31
13/09/2017,01:06:00,5997.5,5997.5,5996.75,5996.75,18
13/09/2017,01:07:00,5996.5,5997,5996.5,5997,4
13/09/2017,01:08:00,5996.75,5996.75,5996.25,5996.5,8
13/09/2017,01:09:00,5996.25,5996.5,5996,5996,36
13/09/2017,01:10:00,5995.75,5996.25,5995.25,5995.5,68
13/09/2017,01:11:00,5995.25,5995.75,5995.25,5995.25,44
13/09/2017,01:12:00,5995.25,5995.5,5995.25,5995.25,17
13/09/2017,01:13:00,5995.25,5995.5,5995.25,5995.25,7
13/09/2017,01:14:00,5995.25,5995.25,5994,5994.25,139
13/09/2017,01:15:00,5994.25,5994.75,5994.25,5994.5,13
13/09/2017,01:16:00,5994.25,5994.75,5994.25,5994.75,8
13/09/2017,01:17:00,5995,5995.25,5995,5995,9
13/09/2017,01:18:00,5995.25,5995.5,5995.25,5995.5,11
13/09/2017,01:19:00,5995.25,5995.25,5994.5,5994.5,26
13/09/2017,01:20:00,5994.5,5994.5,5994.25,5994.5,22
13/09/2017,01:21:00,5994.75,5995.5,5994.75,5995.25,38
13/09/2017,01:22:00,5995.25,5995.25,5995.25,5995.25,5
13/09/2017,01:23:00,5995.5,5995.75,5995.25,5995.5,28
13/09/2017,01:24:00,5995.75,5995.75,5995.75,5995.75,10
13/09/2017,01:25:00,5995.75,5996,5995.75,5996,3
13/09/2017,01:26:00,5996,5996,5996,5996,5
13/09/2017,01:27:00,5996,5996,5996,5996,6
13/09/2017,01:28:00,5996,5996.5,5996,5996.5,36
13/09/2017,01:29:00,5996.5,5996.5,5996.5,5996.5,4
13/09/2017,01:30:00,5996.75,5996.75,5996.25,5996.25,15
13/09/2017,01:31:00,5996.75,5996.75,5996.5,5996.5,8
13/09/2017,01:32:00,5996.75,5997,5996,5996,65
13/09/2017,01:33:00,5995.75,5996.25,5995.75,5996.25,24
13/09/2017,01:34:00,5996.5,5996.5,5996.25,5996.25,7
13/09/2017,01:35:00,5996.25,5996.25,5995.75,5995.75,5
13/09/2017,01:36:00,5995.75,5995.75,5995.75,5995.75,5
13/09/2017,01:37:00,5996,5996.75,5996,5996.25,21
13/09/2017,01:38:00,5997,5997,5997,5997,2
13/09/2017,01:39:00,5997,5997,5996.5,5996.75,14
13/09/2017,01:40:00,5997,5997,5997,5997,2
13/09/2017,01:41:00,5997,5997,5996,5996,31
13/09/2017,01:42:00,5996,5996.25,5996,5996.25,15
13/09/2017,01:43:00,5996,5996,5995.5,5995.75,10
13/09/2017,01:44:00,5996,5996.25,5996,5996,9
13/09/2017,01:45:00,5996,5996.25,5996,5996.25,5
13/09/2017,01:46:00,5996.25,5996.25,5995.75,5995.75,10
13/09/2017,01:47:00,5995.5,5995.5,5995.25,5995.5,11
13/09/2017,01:48:00,5995.25,5995.25,5995,5995.25,29
13/09/2017,01:49:00,5995.25,5995.25,5994.25,5994.5,70
13/09/2017,01:50:00,5994.5,5995.25,5994.5,5994.75,30
13/09/2017,01:51:00,5995,5996,5995,5996,23
13/09/2017,01:52:00,5996,5996.5,5996,5996,53
13/09/2017,01:53:00,5996,5996.5,5995.5,5996.5,34
13/09/2017,01:54:00,5996.25,5996.5,5995.75,5995.75,42
13/09/2017,01:55:00,5995.75,5996,5995.75,5995.75,16
13/09/2017,01:56:00,5996,5996.75,5996,5996.5,21
13/09/2017,01:57:00,5997,5997,5995.75,5996,63
13/09/2017,01:58:00,5996.25,5996.25,5995.5,5995.5,22
13/09/2017,01:59:00,5995.5,5995.75,5995.5,5995.75,10
13/09/2017,02:00:00,5996,5997,5996,5997,45
13/09/2017,02:01:00,5997,5997,5996.25,5996.25,26
13/09/2017,02:02:00,5996.5,5998,5996.5,5997.5,68
13/09/2017,02:03:00,5997.75,5997.75,5996.5,5996.75,19
13/09/2017,02:04:00,5996.25,5997.75,5996.25,5997,45
13/09/2017,02:05:00,5997,5997.25,5996.5,5996.75,23
13/09/2017,02:06:00,5996.75,5997,5996.5,5997,26
13/09/2017,02:07:00,5997,5997.25,5996.25,5997,45
13/09/2017,02:08:00,5996.5,5996.5,5995.5,5995.5,19
13/09/2017,02:09:00,5995.5,5995.75,5995.5,5995.75,13
13/09/2017,02:10:00,5995.5,5996.5,5995.5,5996.25,35
13/09/2017,02:11:00,5996.25,5997.75,5996.25,5997.25,113
13/09/2017,02:12:00,5997.25,5997.5,5997,5997,20
13/09/2017,02:13:00,5997.25,5997.5,5997,5997.25,7
13/09/2017,02:14:00,5997,5997.5,5997,5997.25,23
13/09/2017,02:15:00,5996.75,5997.25,5996,5996.25,24
13/09/2017,02:16:00,5996.25,5997,5996,5996.5,25
13/09/2017,02:17:00,5996.75,5996.75,5995.5,5996,31
13/09/2017,02:18:00,5996,5996.25,5995.75,5996.25,8
13/09/2017,02:19:00,5996.25,5996.25,5995.5,5996,39
13/09/2017,02:20:00,5996,5996.25,5995.5,5995.75,42
13/09/2017,02:21:00,5996,5996.75,5996,5996,31
13/09/2017,02:22:00,5996,5996,5995,5995,39
13/09/2017,02:23:00,5995,5995.25,5995,5995.25,10
13/09/2017,02:24:00,5995.25,5995.5,5994.5,5994.5,43
13/09/2017,02:25:00,5994.75,5994.75,5994.25,5994.5,71
13/09/2017,02:26:00,5994.5,5994.75,5994,5994.25,30
13/09/2017,02:27:00,5994.25,5994.75,5994.25,5994.5,22
13/09/2017,02:28:00,5994.5,5994.75,5994,5994,123
13/09/2017,02:29:00,5994,5994.75,5993.5,5993.5,99
13/09/2017,02:30:00,5993.5,5993.75,5992.5,5993,110
13/09/2017,02:31:00,5992.75,5993,5992.75,5993,15
13/09/2017,02:32:00,5993.25,5993.25,5992.75,5993,77
13/09/2017,02:33:00,5993.25,5993.5,5993,5993.5,34
13/09/2017,02:34:00,5993.25,5993.25,5992,5992.5,56
13/09/2017,02:35:00,5992.5,5993.5,5992.5,5993.5,36
13/09/2017,02:36:00,5993.25,5993.25,5993,5993,14
13/09/2017,02:37:00,5992.75,5993,5992.25,5992.5,58
13/09/2017,02:38:00,5992.25,5992.25,5991.25,5991.25,170
13/09/2017,02:39:00,5991.5,5992.25,5991,5991.5,150
13/09/2017,02:40:00,5991.25,5991.25,5990.5,5991.25,42
13/09/2017,02:41:00,5991.25,5991.25,5990.5,5990.75,22
13/09/2017,02:42:00,5990.5,5991.5,5990.5,5991.5,25
13/09/2017,02:43:00,5991.25,5991.5,5990.5,5990.5,29
13/09/2017,02:44:00,5990.5,5990.75,5990,5990.25,85
13/09/2017,02:45:00,5990.5,5990.75,5989.75,5989.75,66
13/09/2017,02:46:00,5989.5,5990,5989.25,5989.75,62
13/09/2017,02:47:00,5989.75,5990.25,5989.75,5990.25,35
13/09/2017,02:48:00,5990.5,5991,5990,5991,49
13/09/2017,02:49:00,5990.75,5990.75,5990,5990.25,22
13/09/2017,02:50:00,5990.25,5991,5990.25,5991,12
13/09/2017,02:51:00,5991,5991.25,5990.75,5991.25,36
13/09/2017,02:52:00,5991.5,5991.75,5991,5991,35
13/09/2017,02:53:00,5991.25,5991.25,5990.75,5990.75,3
13/09/2017,02:54:00,5990.75,5992,5990.75,5992,30
13/09/2017,02:55:00,5992,5992.5,5991.5,5991.5,18
13/09/2017,02:56:00,5991.25,5992,5990.75,5992,35
13/09/2017,02:57:00,5991.75,5991.75,5991.75,5991.75,7
13/09/2017,02:58:00,5991.5,5992.25,5991.25,5992,52
13/09/2017,02:59:00,5992,5992,5991.5,5992,54
13/09/2017,03:00:00,5992.25,5992.25,5990.75,5990.75,79
13/09/2017,03:01:00,5991,5991,5990.75,5991,20
13/09/2017,03:02:00,5991.25,5992.25,5991.25,5992,52
13/09/2017,03:03:00,5992,5993,5992,5993,38
13/09/2017,03:04:00,5993.25,5994.5,5993,5994.25,104
13/09/2017,03:05:00,5994.25,5995.5,5994,5995.25,74
13/09/2017,03:06:00,5995.5,5996.25,5995.5,5996.25,83
13/09/2017,03:07:00,5996,5996,5995,5995,60
13/09/2017,03:08:00,5995,5995,5993.75,5994,33
13/09/2017,03:09:00,5994.5,5995.5,5994.5,5995.5,63
13/09/2017,03:10:00,5995.75,5996,5994.75,5994.75,33
13/09/2017,03:11:00,5994.75,5995,5994.25,5994.25,19
13/09/2017,03:12:00,5994.5,5994.75,5994.25,5994.5,12
13/09/2017,03:13:00,5994.75,5995.25,5994.75,5995,20
13/09/2017,03:14:00,5994.75,5995.5,5994.75,5995.5,22
13/09/2017,03:15:00,5995.25,5995.5,5995,5995,13
13/09/2017,03:16:00,5994.75,5996,5994.75,5995.5,52
13/09/2017,03:17:00,5995.75,5996.25,5995.75,5996.25,19
13/09/2017,03:18:00,5996.25,5996.5,5996.25,5996.25,11
13/09/2017,03:19:00,5996.25,5996.5,5995.5,5995.5,21
13/09/2017,03:20:00,5995.25,5995.5,5995.25,5995.5,12
13/09/2017,03:21:00,5995.25,5995.5,5995.25,5995.25,12
13/09/2017,03:22:00,5995.25,5995.25,5994.25,5994.5,72
13/09/2017,03:23:00,5994.25,5994.25,5993.75,5994.25,14
13/09/2017,03:24:00,5994,5995.25,5994,5995,39
13/09/2017,03:25:00,5995,5996.75,5994.75,5996.5,59
13/09/2017,03:26:00,5996.5,5996.5,5995.5,5995.75,54
13/09/2017,03:27:00,5996,5996,5995.25,5995.75,20
13/09/2017,03:28:00,5995.75,5995.75,5995.5,5995.75,44
13/09/2017,03:29:00,5996,5996,5995.25,5995.5,20
13/09/2017,03:30:00,5995.75,5995.75,5995,5995.5,50
13/09/2017,03:31:00,5995.75,5996.25,5995.75,5996,13
13/09/2017,03:32:00,5995.25,5995.5,5995,5995.25,8
13/09/2017,03:33:00,5995.5,5995.5,5994.5,5994.5,26
13/09/2017,03:34:00,5994.25,5994.5,5994.25,5994.5,7
13/09/2017,03:35:00,5994.25,5994.75,5994.25,5994.75,17
13/09/2017,03:36:00,5994.75,5995.25,5994.75,5995,7
13/09/2017,03:37:00,5994.25,5995,5994.25,5995,9
13/09/2017,03:38:00,5995,5995,5995,5995,3
13/09/2017,03:39:00,5995,5995,5994,5994,24
13/09/2017,03:40:00,5993.75,5993.75,5992.25,5992.75,50
13/09/2017,03:41:00,5992.75,5992.75,5992.5,5992.5,19
13/09/2017,03:42:00,5992.75,5993.25,5992.25,5992.25,58
13/09/2017,03:43:00,5992.5,5994.5,5992.5,5994,37
13/09/2017,03:44:00,5993.5,5993.75,5993.5,5993.75,30
13/09/2017,03:45:00,5994,5994.5,5994,5994,22
13/09/2017,03:46:00,5994.25,5994.25,5993.5,5993.5,18
13/09/2017,03:47:00,5993.5,5994,5993.25,5993.25,46
13/09/2017,03:48:00,5993,5993,5992.5,5992.5,43
13/09/2017,03:49:00,5992.25,5992.5,5991.75,5992.25,75
13/09/2017,03:50:00,5992.5,5994,5992.5,5993.75,43
13/09/2017,03:51:00,5993.25,5993.25,5992.75,5993,15
13/09/2017,03:52:00,5993.25,5994,5993,5993,30
13/09/2017,03:53:00,5992.75,5992.75,5992.5,5992.75,20
13/09/2017,03:54:00,5993,5993,5993,5993,4
13/09/2017,03:55:00,5993.25,5994.5,5993.25,5994.5,35
13/09/2017,03:56:00,5994.5,5995.25,5994.5,5995.25,58
13/09/2017,03:57:00,5995.25,5995.5,5994.75,5994.75,10
13/09/2017,03:58:00,5994.75,5995,5994.5,5994.75,31
13/09/2017,03:59:00,5994.75,5994.75,5994.25,5994.25,20
13/09/2017,04:00:00,5994.25,5994.5,5994,5994,45
13/09/2017,04:01:00,5993.75,5994.25,5993.75,5993.75,15
13/09/2017,04:02:00,5993.75,5994,5993.5,5993.5,15
13/09/2017,04:03:00,5993.25,5993.5,5992.75,5993.25,40
13/09/2017,04:04:00,5993,5993.25,5992.75,5993,33
13/09/2017,04:05:00,5993,5995.25,5993,5995,75
13/09/2017,04:06:00,5995,5996,5995,5995.75,130
13/09/2017,04:07:00,5995.75,5995.75,5995.5,5995.5,7
13/09/2017,04:08:00,5995.5,5995.75,5994.5,5995,50
13/09/2017,04:09:00,5994.75,5994.75,5994,5994,23
13/09/2017,04:10:00,5994.25,5995,5994.25,5994.75,60
13/09/2017,04:11:00,5994.25,5995.25,5994.25,5994.25,93
13/09/2017,04:12:00,5994,5994.25,5993.25,5994.25,36
13/09/2017,04:13:00,5994,5994.5,5993.75,5993.75,30
13/09/2017,04:14:00,5993.75,5994,5993,5993.75,44
13/09/2017,04:15:00,5994,5994.5,5994,5994.5,29
13/09/2017,04:16:00,5994.5,5994.5,5993.5,5993.5,16
13/09/2017,04:17:00,5993.5,5994,5993.25,5994,9
13/09/2017,04:18:00,5994,5994.25,5993.75,5994.25,18
13/09/2017,04:19:00,5993.75,5994.25,5993.75,5994.25,8
13/09/2017,04:20:00,5994,5994.25,5994,5994,16
13/09/2017,04:21:00,5993.75,5993.75,5992.25,5992.75,95
13/09/2017,04:22:00,5992.5,5992.5,5992,5992.25,18
13/09/2017,04:23:00,5992.25,5993,5991.75,5993,62
13/09/2017,04:24:00,5992.75,5993.5,5992.75,5993.25,24
13/09/2017,04:25:00,5993.25,5993.75,5993.25,5993.75,12
13/09/2017,04:26:00,5993.75,5993.75,5993.5,5993.75,14
13/09/2017,04:27:00,5993.75,5993.75,5993.5,5993.5,20
13/09/2017,04:28:00,5993.5,5994,5993.5,5994,16
13/09/2017,04:29:00,5994,5994,5992.5,5993.25,27
13/09/2017,04:30:00,5993.25,5993.5,5992.75,5993.25,18
13/09/2017,04:31:00,5993.25,5993.5,5993,5993.5,9
13/09/2017,04:32:00,5993.25,5993.5,5993.25,5993.5,10
13/09/2017,04:33:00,5993.5,5993.5,5993.25,5993.5,15
13/09/2017,04:34:00,5993.75,5994.25,5993.75,5994,31
13/09/2017,04:35:00,5993.75,5993.75,5992.75,5992.75,54
13/09/2017,04:36:00,5992.75,5993,5992.75,5993,4
13/09/2017,04:37:00,5992.75,5992.75,5992.75,5992.75,3
13/09/2017,04:38:00,5992.75,5992.75,5992.25,5992.75,38
13/09/2017,04:39:00,5992.75,5992.75,5991.75,5992,62
13/09/2017,04:40:00,5992.25,5992.5,5991,5991.25,50
13/09/2017,04:41:00,5991.25,5991.5,5991,5991.5,26
13/09/2017,04:42:00,5991.75,5992.25,5991.5,5992.25,29
13/09/2017,04:43:00,5992.5,5992.5,5992.5,5992.5,3
13/09/2017,04:44:00,5992.25,5992.25,5991.5,5991.75,23
13/09/2017,04:45:00,5991.5,5991.5,5991.5,5991.5,11
13/09/2017,04:46:00,5991.5,5991.75,5991,5991.75,23
13/09/2017,04:47:00,5991.75,5991.75,5991,5991,13
13/09/2017,04:48:00,5991,5991.5,5991,5991.5,5
13/09/2017,04:49:00,5991.75,5992,5991.25,5991.25,15
13/09/2017,04:50:00,5991.5,5991.5,5991.25,5991.25,2
13/09/2017,04:51:00,5991.75,5992,5991.5,5991.75,12
13/09/2017,04:52:00,5992,5992.5,5991.5,5992.5,66
13/09/2017,04:53:00,5992.5,5992.75,5992,5992.5,89
13/09/2017,04:54:00,5993,5993.25,5993,5993.25,11
13/09/2017,04:55:00,5992.75,5992.75,5992.75,5992.75,11
13/09/2017,04:56:00,5992.5,5992.75,5992.25,5992.25,6
13/09/2017,04:57:00,5992.25,5992.75,5992.25,5992.5,11
13/09/2017,04:58:00,5992.5,5993.25,5992.25,5993.25,60
13/09/2017,04:59:00,5993.5,5993.75,5993.25,5993.75,35
13/09/2017,05:00:00,5993.5,5993.75,5993,5993,53
13/09/2017,05:01:00,5993.25,5993.75,5993.25,5993.5,22
13/09/2017,05:02:00,5993.5,5993.75,5993.25,5993.25,40
13/09/2017,05:03:00,5993,5993.5,5993,5993.25,24
13/09/2017,05:04:00,5993.25,5993.25,5992.5,5992.75,30
13/09/2017,05:05:00,5992.75,5993.25,5992.75,5993,17
13/09/2017,05:06:00,5993,5993.25,5993,5993.25,2
13/09/2017,05:07:00,5993,5993,5992.5,5992.75,12
13/09/2017,05:08:00,5992.5,5992.5,5991.75,5992,35
13/09/2017,05:09:00,5992,5992.5,5992,5992.5,5
13/09/2017,05:10:00,5992,5992,5992,5992,1
13/09/2017,05:11:00,5992,5992.25,5992,5992.25,13
13/09/2017,05:12:00,5992.25,5992.5,5992,5992.25,46
13/09/2017,05:13:00,5992.25,5992.75,5992,5992,20
13/09/2017,05:14:00,5992,5992.5,5991.75,5992,21
13/09/2017,05:15:00,5992.5,5992.5,5991.5,5991.75,22
13/09/2017,05:16:00,5991.75,5992,5991.5,5991.5,14
13/09/2017,05:17:00,5991.75,5992,5991.75,5992,8
13/09/2017,05:18:00,5992.25,5992.25,5992,5992,3
13/09/2017,05:19:00,5992.25,5992.5,5992.25,5992.5,6
13/09/2017,05:20:00,5992.5,5993,5991.5,5991.5,42
13/09/2017,05:21:00,5991.25,5991.5,5990.75,5990.75,64
13/09/2017,05:22:00,5990.75,5991,5990.75,5991,7
13/09/2017,05:23:00,5991.25,5992,5991.25,5992,18
13/09/2017,05:24:00,5992,5992,5991.75,5992,19
13/09/2017,05:25:00,5992,5992.25,5992,5992,8
13/09/2017,05:26:00,5991.75,5992.75,5991.75,5992.75,78
13/09/2017,05:27:00,5992.5,5992.75,5992.25,5992.75,24
13/09/2017,05:28:00,5992.5,5992.75,5992.25,5992.75,7
13/09/2017,05:29:00,5992.75,5992.75,5992.25,5992.25,16
13/09/2017,05:30:00,5992,5992.5,5992,5992.25,10
13/09/2017,05:31:00,5992.5,5992.75,5992.5,5992.75,13
13/09/2017,05:32:00,5993,5993,5992.25,5992.75,29
13/09/2017,05:33:00,5993,5993.5,5992.75,5993,73
13/09/2017,05:34:00,5992.5,5993.25,5992.5,5992.75,54
13/09/2017,05:35:00,5993,5993.5,5993,5993,18
13/09/2017,05:36:00,5993,5993,5993,5993,11
13/09/2017,05:37:00,5993,5993.5,5993,5993,45
13/09/2017,05:38:00,5992.75,5993,5992.75,5992.75,5
13/09/2017,05:39:00,5992.75,5992.75,5992.75,5992.75,4
13/09/2017,05:40:00,5992.5,5992.5,5992,5992.5,39
13/09/2017,05:41:00,5992.5,5992.5,5992.25,5992.25,7
13/09/2017,05:42:00,5992,5992.5,5992,5992.5,21
13/09/2017,05:43:00,5992,5992,5991.75,5992,13
13/09/2017,05:44:00,5992.25,5992.25,5991.5,5991.75,36
13/09/2017,05:45:00,5991.5,5991.75,5991.5,5991.75,14
13/09/2017,05:46:00,5991.5,5991.5,5990.25,5990.25,69
13/09/2017,05:47:00,5990.25,5990.5,5990,5990.25,52
13/09/2017,05:48:00,5990.5,5990.5,5990.25,5990.25,13
13/09/2017,05:49:00,5990.25,5991,5990.25,5990.25,40
13/09/2017,05:50:00,5990.25,5990.75,5990,5990.25,24
13/09/2017,05:51:00,5990.25,5990.25,5989.5,5990,45
13/09/2017,05:52:00,5989.75,5990.25,5989.75,5989.75,18
13/09/2017,05:53:00,5989.75,5990.25,5989.75,5990.25,30
13/09/2017,05:54:00,5990.25,5990.25,5989.75,5989.75,26
13/09/2017,05:55:00,5989.75,5990,5989.5,5989.5,23
13/09/2017,05:56:00,5989.5,5989.75,5989.5,5989.5,33
13/09/2017,05:57:00,5989.5,5990,5989.5,5989.75,57
13/09/2017,05:58:00,5989.75,5989.75,5989,5989.25,77
13/09/2017,05:59:00,5989.25,5989.75,5989.25,5989.25,27
13/09/2017,06:00:00,5989.25,5989.75,5989.25,5989.75,36
13/09/2017,06:01:00,5989.75,5990,5989.75,5989.75,19
13/09/2017,06:02:00,5989.75,5990,5989.5,5989.75,9
13/09/2017,06:03:00,5990,5990.25,5989.5,5989.75,56
13/09/2017,06:04:00,5989.75,5989.75,5989.25,5989.25,16
13/09/2017,06:05:00,5989.5,5989.5,5989.5,5989.5,6
13/09/2017,06:06:00,5989.25,5989.75,5989.25,5989.75,19
13/09/2017,06:07:00,5989.75,5990.25,5989.75,5989.75,27
13/09/2017,06:08:00,5990,5990,5990,5990,10
13/09/2017,06:09:00,5990.25,5990.25,5989.75,5990.25,16
13/09/2017,06:10:00,5990.25,5990.25,5990.25,5990.25,4
13/09/2017,06:11:00,5990.25,5990.25,5990,5990.25,5
13/09/2017,06:12:00,5990.5,5991,5990.25,5990.75,42
13/09/2017,06:13:00,5990.75,5991.5,5990.75,5991.25,45
13/09/2017,06:14:00,5991.5,5991.75,5991.5,5991.75,44
13/09/2017,06:15:00,5991.75,5991.75,5991.25,5991.5,26
13/09/2017,06:16:00,5991.5,5991.5,5991.25,5991.5,13
13/09/2017,06:17:00,5991.5,5991.5,5991.5,5991.5,27
13/09/2017,06:18:00,5991.5,5992,5990.75,5990.75,58
13/09/2017,06:19:00,5990.5,5991,5990.5,5990.75,21
13/09/2017,06:20:00,5990.75,5990.75,5990.75,5990.75,17
13/09/2017,06:21:00,5990.75,5991,5990.75,5991,7
13/09/2017,06:22:00,5991,5991.75,5991,5991.5,35
13/09/2017,06:23:00,5991.75,5991.75,5991.5,5991.5,9
13/09/2017,06:24:00,5991.25,5991.25,5991,5991.25,10
13/09/2017,06:25:00,5991,5991.5,5990.75,5991.5,25
13/09/2017,06:26:00,5991.5,5991.75,5991,5991.75,22
13/09/2017,06:27:00,5991.75,5992.75,5991.75,5992.5,47
13/09/2017,06:28:00,5992.75,5992.75,5992.25,5992.5,16
13/09/2017,06:29:00,5992.5,5992.75,5992.25,5992.5,48
13/09/2017,06:30:00,5992.5,5992.75,5992,5992,26
13/09/2017,06:31:00,5992.25,5992.25,5991.75,5991.75,9
13/09/2017,06:32:00,5991.75,5992,5991.75,5992,7
13/09/2017,06:33:00,5992,5992,5991.25,5991.5,17
13/09/2017,06:34:00,5992,5992.25,5992,5992.25,6
13/09/2017,06:35:00,5992,5992,5991,5991.5,52
13/09/2017,06:36:00,5991.25,5991.5,5991.25,5991.25,16
13/09/2017,06:37:00,5991.25,5993.25,5991.25,5993,110
13/09/2017,06:38:00,5993,5993.5,5992.75,5992.75,69
13/09/2017,06:39:00,5992.75,5993,5992.5,5993,41
13/09/2017,06:40:00,5992.75,5992.75,5992.25,5992.5,8
13/09/2017,06:41:00,5992.25,5992.75,5992.25,5992.75,22
13/09/2017,06:42:00,5992.75,5992.75,5992.75,5992.75,16
13/09/2017,06:43:00,5992.75,5992.75,5992.25,5992.75,22
13/09/2017,06:44:00,5993,5993.25,5992.75,5993.25,34
13/09/2017,06:45:00,5993,5993,5992.75,5992.75,31
13/09/2017,06:46:00,5993,5993,5992.25,5993,53
13/09/2017,06:47:00,5992.75,5993,5992.75,5993,5
13/09/2017,06:48:00,5993,5993.5,5993,5993.25,16
13/09/2017,06:49:00,5993,5993,5992.75,5993,29
13/09/2017,06:50:00,5992.5,5993.5,5992.5,5993.25,17
13/09/2017,06:51:00,5993.25,5993.5,5993,5993.5,17
13/09/2017,06:52:00,5993.5,5994.25,5993.5,5994,38
13/09/2017,06:53:00,5994.25,5994.75,5994.25,5994.25,37
13/09/2017,06:54:00,5994.5,5994.75,5994.25,5994.75,36
13/09/2017,06:55:00,5995,5995.25,5994.25,5994.5,64
13/09/2017,06:56:00,5994.25,5994.25,5993.25,5993.25,33
13/09/2017,06:57:00,5993.5,5994,5993.5,5994,18
13/09/2017,06:58:00,5994,5994,5993.75,5993.75,14
13/09/2017,06:59:00,5993.75,5993.75,5993.5,5993.5,20
13/09/2017,07:00:00,5993.5,5993.5,5992.25,5993,69
13/09/2017,07:01:00,5993,5993.25,5993,5993,9
13/09/2017,07:02:00,5993.25,5993.5,5990.5,5991.25,271
13/09/2017,07:03:00,5991.5,5992.5,5991.25,5992.25,157
13/09/2017,07:04:00,5992.5,5993,5992.5,5992.5,40
13/09/2017,07:05:00,5992.5,5992.75,5992.25,5992.25,300
13/09/2017,07:06:00,5992.25,5992.75,5992,5992.75,10
13/09/2017,07:07:00,5992.5,5992.75,5991.75,5992,28
13/09/2017,07:08:00,5991.75,5991.75,5991,5991.25,29
13/09/2017,07:09:00,5991.25,5992.25,5991.25,5992.25,59
13/09/2017,07:10:00,5992.25,5993,5992.25,5993,133
13/09/2017,07:11:00,5993,5993.75,5993,5993.25,36
13/09/2017,07:12:00,5993,5993.5,5992.75,5993,46
13/09/2017,07:13:00,5993,5993.25,5992.75,5993.25,12
13/09/2017,07:14:00,5993.5,5993.5,5992.25,5992.25,81
13/09/2017,07:15:00,5992.5,5992.5,5992,5992.25,44
13/09/2017,07:16:00,5992.25,5992.5,5992.25,5992.5,5
13/09/2017,07:17:00,5991.75,5992.5,5991.5,5992.25,30
13/09/2017,07:18:00,5992.25,5992.5,5992,5992.5,13
13/09/2017,07:19:00,5992.75,5993,5992.75,5992.75,16
13/09/2017,07:20:00,5992.75,5993.5,5992.75,5993.25,41
13/09/2017,07:21:00,5993,5993,5992.25,5992.25,35
13/09/2017,07:22:00,5992.5,5992.5,5991.75,5991.75,17
13/09/2017,07:23:00,5992,5992.75,5992,5992.5,26
13/09/2017,07:24:00,5992.5,5993.75,5992.25,5993.5,70
13/09/2017,07:25:00,5993.5,5993.5,5992.75,5992.75,51
13/09/2017,07:26:00,5992.75,5992.75,5991.25,5991.75,74
13/09/2017,07:27:00,5991.5,5992.5,5991.5,5992,90
13/09/2017,07:28:00,5991.5,5992.25,5991.5,5991.75,291
13/09/2017,07:29:00,5991.75,5992.5,5991.5,5992.25,368
13/09/2017,07:30:00,5992.5,5992.75,5991.75,5992.25,435
13/09/2017,07:31:00,5992,5992.25,5991,5991.25,313
13/09/2017,07:32:00,5991.25,5992,5990.75,5990.75,123
13/09/2017,07:33:00,5990.75,5991.25,5990.5,5991.25,61
13/09/2017,07:34:00,5991.25,5991.5,5990,5990,65
13/09/2017,07:35:00,5990,5990.25,5989.5,5989.75,79
13/09/2017,07:36:00,5989.75,5990,5988.5,5988.75,137
13/09/2017,07:37:00,5988.75,5989,5988,5988.75,152
13/09/2017,07:38:00,5988.75,5989,5987.75,5989,160
13/09/2017,07:39:00,5989,5989.75,5989,5989,148
13/09/2017,07:40:00,5989,5989.25,5988.75,5989.25,110
13/09/2017,07:41:00,5989.25,5990.75,5989.25,5990.25,88
13/09/2017,07:42:00,5990.5,5990.5,5989.5,5990.5,152
13/09/2017,07:43:00,5990.75,5991.25,5990.5,5991.25,84
13/09/2017,07:44:00,5991.25,5991.75,5990.25,5990.5,151
13/09/2017,07:45:00,5990.5,5990.5,5990,5990.25,54
13/09/2017,07:46:00,5990.5,5991.25,5990.25,5991,75
13/09/2017,07:47:00,5991,5992,5991,5992,96
13/09/2017,07:48:00,5992,5993.5,5992,5992.75,259
13/09/2017,07:49:00,5992.75,5993,5992.5,5992.75,63
13/09/2017,07:50:00,5992.75,5993.75,5992.75,5993.75,59
13/09/2017,07:51:00,5993.75,5994,5992.5,5993.5,84
13/09/2017,07:52:00,5993.5,5994.25,5993.25,5993.75,76
13/09/2017,07:53:00,5993.75,5994,5993.5,5993.5,47
13/09/2017,07:54:00,5993.25,5993.5,5993,5993.25,61
13/09/2017,07:55:00,5993.25,5994.5,5993.25,5993.75,152
13/09/2017,07:56:00,5994,5994,5993.5,5993.75,51
13/09/2017,07:57:00,5993.75,5994.5,5993.5,5993.5,79
13/09/2017,07:58:00,5993.75,5994,5992.75,5993,81
13/09/2017,07:59:00,5993,5994,5992.75,5993.75,50
13/09/2017,08:00:00,5993.75,5994.25,5993.75,5994.25,46
13/09/2017,08:01:00,5994.25,5994.5,5993.5,5993.75,89
13/09/2017,08:02:00,5993.5,5993.5,5993,5993.25,44
13/09/2017,08:03:00,5993.25,5993.5,5992.5,5993,118
13/09/2017,08:04:00,5993,5993,5992.5,5992.75,59
13/09/2017,08:05:00,5992.75,5992.75,5992.25,5992.25,57
13/09/2017,08:06:00,5992.25,5992.5,5991.75,5992,100
13/09/2017,08:07:00,5991.75,5992.5,5991.75,5992.5,129
13/09/2017,08:08:00,5992.75,5993,5992.25,5993,94
13/09/2017,08:09:00,5992.75,5993.5,5992.75,5993.25,99
13/09/2017,08:10:00,5993.25,5994,5993.25,5993.75,154
13/09/2017,08:11:00,5993.75,5993.75,5993,5993.25,57
13/09/2017,08:12:00,5993,5993.25,5992.25,5993.25,96
13/09/2017,08:13:00,5993,5993.75,5992.75,5992.75,38
13/09/2017,08:14:00,5992.75,5993,5992.75,5993,30
13/09/2017,08:15:00,5992.75,5992.75,5992.25,5992.25,36
13/09/2017,08:16:00,5992.25,5992.25,5991.75,5992,121
13/09/2017,08:17:00,5992,5992,5991.25,5991.25,88
13/09/2017,08:18:00,5991,5992,5991,5991.75,61
13/09/2017,08:19:00,5991.75,5992,5991.75,5992,36
13/09/2017,08:20:00,5992,5992.25,5991.5,5991.75,84
13/09/2017,08:21:00,5991.75,5991.75,5990.5,5991.5,130
13/09/2017,08:22:00,5991.25,5992.25,5991.25,5992.25,36
13/09/2017,08:23:00,5992,5992,5990.75,5990.75,73
13/09/2017,08:24:00,5990.75,5991,5990.5,5991,80
13/09/2017,08:25:00,5991,5991.75,5990.75,5991.75,64
13/09/2017,08:26:00,5991.5,5991.5,5990,5991.25,240
13/09/2017,08:27:00,5991.25,5991.5,5990,5990,106
13/09/2017,08:28:00,5989.75,5992,5989.75,5991.5,521
13/09/2017,08:29:00,5991.75,5993.25,5991.75,5992.75,405
13/09/2017,08:30:00,5992.5,5996,5989.5,5990.5,2031
13/09/2017,08:31:00,5990.5,5991,5986.5,5990,1529
13/09/2017,08:32:00,5989.75,5993.25,5989.5,5990.5,1001
13/09/2017,08:33:00,5990.75,5992.75,5989.25,5992.25,1049
13/09/2017,08:34:00,5992.25,5993.25,5990.5,5991,853
13/09/2017,08:35:00,5991,5992.25,5988.75,5990.25,1495
13/09/2017,08:36:00,5990.25,5991.75,5987.5,5990,1106
13/09/2017,08:37:00,5990.25,5994,5988.75,5993.75,966
13/09/2017,08:38:00,5993.75,5994.75,5991.5,5993,875
13/09/2017,08:39:00,5993.25,5994,5991.5,5993.5,462
13/09/2017,08:40:00,5993.5,5996,5993.5,5994,1115
13/09/2017,08:41:00,5994.25,5996,5993.75,5994.5,667
13/09/2017,08:42:00,5994.5,5994.5,5989.25,5989.75,1034
13/09/2017,08:43:00,5989.5,5991.25,5989,5991,760
13/09/2017,08:44:00,5990.75,5992.25,5990.5,5990.75,621
13/09/2017,08:45:00,5991,5992.25,5989.75,5990.5,442
13/09/2017,08:46:00,5990.25,5990.5,5986,5987.25,1342
13/09/2017,08:47:00,5987.25,5987.75,5984.75,5986.5,1137
13/09/2017,08:48:00,5986.25,5986.5,5985,5986,808
13/09/2017,08:49:00,5985.75,5986.5,5983.5,5984.5,935
13/09/2017,08:50:00,5984.5,5986.5,5984.25,5984.5,706
13/09/2017,08:51:00,5984.5,5987.75,5984,5987,835
13/09/2017,08:52:00,5987,5987.5,5984.5,5986.75,971
13/09/2017,08:53:00,5986.5,5988,5985.75,5987.5,758
13/09/2017,08:54:00,5987.5,5990.75,5987,5989.5,970
13/09/2017,08:55:00,5989.5,5998,5989.5,5996,2586
13/09/2017,08:56:00,5996,5998.75,5994.5,5997.25,1339
13/09/2017,08:57:00,5997.25,6000.25,5997.25,6000,1290
13/09/2017,08:58:00,6000.25,6001.5,5999.25,6000.25,1240
13/09/2017,08:59:00,6000.25,6002.25,6000.25,6001.5,1132
13/09/2017,09:00:00,6001.75,6002,5999.75,6000.5,757
13/09/2017,09:01:00,6000.25,6000.75,5998.5,5999.5,714
13/09/2017,09:02:00,5999.5,6000.25,5998.5,5999,624
13/09/2017,09:03:00,5999,6001,5999,6000,428
13/09/2017,09:04:00,6000,6000.75,5999,6000.25,576
13/09/2017,09:05:00,6000.5,6003.5,6000.25,6001.5,1563
13/09/2017,09:06:00,6001.75,6002.25,5999,5999.25,746
13/09/2017,09:07:00,5999.5,6000.75,5998.5,5998.5,526
13/09/2017,09:08:00,5998.5,5999.25,5997.25,5999,712
13/09/2017,09:09:00,5999,6001,5998.5,5999.75,494
13/09/2017,09:10:00,6000,6001.5,5999,6001,567
13/09/2017,09:11:00,6001,6002.5,6000,6000.75,446
13/09/2017,09:12:00,6000.75,6004,6000,6003.5,876
13/09/2017,09:13:00,6003.5,6005.5,6003,6004,1166
13/09/2017,09:14:00,6004,6004.25,6002.5,6003,542
13/09/2017,09:15:00,6003,6003.25,5999,6000.5,1239
13/09/2017,09:16:00,6000.25,6000.5,5998.75,6000,672
13/09/2017,09:17:00,6000.25,6000.75,5998.5,6000.25,462
13/09/2017,09:18:00,6000,6000.25,5997.5,5997.75,361
13/09/2017,09:19:00,5997.75,5999.5,5997.5,5998.75,374
13/09/2017,09:20:00,5999,6000.75,5999,5999,423
13/09/2017,09:21:00,5998.75,6000,5997.25,5997.25,552
13/09/2017,09:22:00,5997.75,6000.5,5997.75,6000,439
13/09/2017,09:23:00,6000,6001.25,5999.25,5999.25,337
13/09/2017,09:24:00,5999.5,6001,5999,6000.75,287
13/09/2017,09:25:00,6001,6001,5998,5999.25,430
13/09/2017,09:26:00,5999.25,5999.75,5996.75,5997.75,399
13/09/2017,09:27:00,5997.5,5998.25,5996.5,5997.25,330
13/09/2017,09:28:00,5997.5,5999.25,5997.25,5998.5,291
13/09/2017,09:29:00,5998.25,5999,5997.25,5997.25,251
13/09/2017,09:30:00,5997.5,6000.5,5997.25,5999.75,510
13/09/2017,09:31:00,5999.5,5999.75,5998,5999.75,407
13/09/2017,09:32:00,5999.75,6000,5998,5999.25,402
13/09/2017,09:33:00,5999,6000.5,5998.25,6000.5,401
13/09/2017,09:34:00,6000.5,6001,5998.5,6000,410
13/09/2017,09:35:00,6000,6000.25,5999,6000,351
13/09/2017,09:36:00,5999.75,5999.75,5998.25,5998.5,288
13/09/2017,09:37:00,5998.25,6000.25,5998,6000,282
13/09/2017,09:38:00,6000,6000.75,5998.75,5999.25,344
13/09/2017,09:39:00,5999,5999.5,5997,5997.75,510
13/09/2017,09:40:00,5998,5999,5997.25,5999,304
13/09/2017,09:41:00,5999,6000,5998.25,5999.25,375
13/09/2017,09:42:00,5999.25,6000,5998.5,5999.25,237
13/09/2017,09:43:00,5999.25,6000,5997.75,5998,355
13/09/2017,09:44:00,5998.25,5998.5,5995.75,5995.75,642
13/09/2017,09:45:00,5995.75,5997.25,5995.25,5996.5,723
13/09/2017,09:46:00,5996.5,5997.5,5995.75,5997.5,297
13/09/2017,09:47:00,5997.25,5997.75,5995.25,5995.5,285
13/09/2017,09:48:00,5995.75,5996,5994,5994.5,644
13/09/2017,09:49:00,5994.5,5994.75,5993.5,5994.5,571
13/09/2017,09:50:00,5994.5,5996,5994,5995.5,482
13/09/2017,09:51:00,5995.25,5996,5994.5,5996,330
13/09/2017,09:52:00,5996,5997.75,5996,5997.25,609
13/09/2017,09:53:00,5997.25,5997.75,5996.5,5997.5,341
13/09/2017,09:54:00,5997.75,5998,5996.75,5998,243
13/09/2017,09:55:00,5998.25,5998.5,5997.5,5997.75,241
13/09/2017,09:56:00,5997.5,5997.75,5996.5,5996.5,247
13/09/2017,09:57:00,5997,5998,5996.5,5997.75,178
13/09/2017,09:58:00,5997.5,5998,5997.25,5998,94
13/09/2017,09:59:00,5998,5999.25,5997.25,5998,554
13/09/2017,10:00:00,5998.25,5999,5998,5998.5,333
13/09/2017,10:01:00,5998.5,5999.5,5998.5,5999.25,318
13/09/2017,10:02:00,5999.25,5999.75,5997.75,5999.75,417
13/09/2017,10:03:00,5999.5,5999.75,5998.75,5999.5,284
13/09/2017,10:04:00,5999.5,6001.5,5999.5,6001.25,849
13/09/2017,10:05:00,6001,6001.75,6000,6001.5,420
13/09/2017,10:06:00,6001.5,6002.5,6000.75,6000.75,454
13/09/2017,10:07:00,6000.75,6003.25,6000.25,6002.25,354
13/09/2017,10:08:00,6002.5,6002.5,6001,6001.5,269
13/09/2017,10:09:00,6001.5,6002.25,6000.75,6002.25,151
13/09/2017,10:10:00,6002.25,6003,6001.5,6002.75,323
13/09/2017,10:11:00,6002.75,6003.75,6002,6003,444
13/09/2017,10:12:00,6003.25,6003.25,6002,6002.5,179
13/09/2017,10:13:00,6002.25,6002.25,6001.5,6001.75,147
13/09/2017,10:14:00,6001.75,6002.75,6001.25,6002.25,148
13/09/2017,10:15:00,6002.25,6002.5,6001.25,6001.25,134
13/09/2017,10:16:00,6001.25,6002,6000.75,6002,171
13/09/2017,10:17:00,6002,6002.5,6001.75,6002,157
13/09/2017,10:18:00,6002,6002.75,6001.75,6001.75,269
13/09/2017,10:19:00,6001.75,6002.25,6001.5,6001.75,118
13/09/2017,10:20:00,6001.75,6001.75,5999.75,5999.75,263
13/09/2017,10:21:00,6000,6001,5999.5,6001,194
13/09/2017,10:22:00,6001,6001.75,6000.5,6001.5,190
13/09/2017,10:23:00,6001.75,6002.25,6000.75,6001.25,174
13/09/2017,10:24:00,6001.5,6001.5,6000.25,6000.5,145
13/09/2017,10:25:00,6000.25,6000.5,5999,5999.5,204
13/09/2017,10:26:00,5999.5,6000.25,5998.5,5999,227
13/09/2017,10:27:00,5998.5,5998.5,5996.75,5998.5,670
13/09/2017,10:28:00,5998.25,5998.75,5997.75,5998.5,114
13/09/2017,10:29:00,5998.75,6000,5998.5,5999,311
13/09/2017,10:30:00,5998.75,5999.5,5998.25,5998.5,178
13/09/2017,10:31:00,5998.5,5998.75,5996.25,5996.75,345
13/09/2017,10:32:00,5996.75,5997,5995.75,5996.25,277
13/09/2017,10:33:00,5996,5996.25,5995,5995.75,300
13/09/2017,10:34:00,5995.75,5996,5995.25,5995.5,201
13/09/2017,10:35:00,5995.25,5996.25,5994.5,5995,355
13/09/2017,10:36:00,5994.75,5995.25,5987.5,5988,1615
13/09/2017,10:37:00,5987.75,5988.75,5986.25,5987.5,1369
13/09/2017,10:38:00,5987.75,5988.5,5987,5987.75,545
13/09/2017,10:39:00,5988,5989.25,5987.25,5989.25,695
13/09/2017,10:40:00,5989.25,5989.5,5988,5988.75,368
13/09/2017,10:41:00,5988.75,5990.25,5988,5990.25,340
13/09/2017,10:42:00,5990.25,5990.75,5989.5,5990.25,248
13/09/2017,10:43:00,5990.25,5991,5989.75,5990.5,329
13/09/2017,10:44:00,5990.5,5991,5990,5990.5,312
13/09/2017,10:45:00,5990.25,5990.5,5989.75,5990,207
13/09/2017,10:46:00,5990.25,5990.75,5990,5990.5,232
13/09/2017,10:47:00,5990.5,5991.75,5990.5,5991.25,343
13/09/2017,10:48:00,5991.5,5991.75,5990.75,5990.75,231
13/09/2017,10:49:00,5990.75,5991,5989.75,5990,634
13/09/2017,10:50:00,5990.25,5991.25,5989,5990.5,395
13/09/2017,10:51:00,5990.75,5991,5989.75,5990.75,106
13/09/2017,10:52:00,5991,5991.75,5991,5991.75,276
13/09/2017,10:53:00,5991.25,5995.5,5991,5994.25,865
13/09/2017,10:54:00,5994.25,5996,5994.25,5995.5,936
13/09/2017,10:55:00,5995.5,5996,5995,5995.25,986
13/09/2017,10:56:00,5995.5,5995.5,5994,5994.5,300
13/09/2017,10:57:00,5994.5,5994.5,5993.25,5993.5,206
13/09/2017,10:58:00,5993.5,5993.75,5993,5993.5,342
13/09/2017,10:59:00,5993.5,5993.75,5989.5,5989.75,708
13/09/2017,11:00:00,5989.75,5991.75,5989,5991.75,472
13/09/2017,11:01:00,5992,5993,5991.5,5993,445
13/09/2017,11:02:00,5993.25,5994.25,5992.5,5994.25,311
13/09/2017,11:03:00,5994.25,5994.75,5994,5994.25,239
13/09/2017,11:04:00,5994.25,5995.25,5994,5995,177
13/09/2017,11:05:00,5995.25,5995.5,5993,5993.75,537
13/09/2017,11:06:00,5993.75,5996,5993.75,5995.5,380
13/09/2017,11:07:00,5995.5,5996.75,5994.75,5996.25,230
13/09/2017,11:08:00,5996.25,5997.25,5995.75,5997,291
13/09/2017,11:09:00,5997.25,5997.5,5996.5,5997,219
13/09/2017,11:10:00,5996.75,5996.75,5995.25,5996.25,314
13/09/2017,11:11:00,5996,5996.5,5995.75,5996,120
13/09/2017,11:12:00,5996,5996.25,5995.75,5996,146
13/09/2017,11:13:00,5996.25,5996.25,5995.25,5996,190
13/09/2017,11:14:00,5996,5996.5,5996,5996.25,221
13/09/2017,11:15:00,5996.25,5996.75,5995.25,5996,171
13/09/2017,11:16:00,5996,5999,5996,5998.75,448
13/09/2017,11:17:00,5998.75,5999.5,5997.5,5999,346
13/09/2017,11:18:00,5999,5999.75,5998.25,5999.25,203
13/09/2017,11:19:00,5999.25,5999.5,5998.25,5998.5,171
13/09/2017,11:20:00,5998.25,5999,5998,5998.5,144
13/09/2017,11:21:00,5998.5,5999.25,5998,5999,175
13/09/2017,11:22:00,5998.75,6000.75,5998.5,6000.5,330
13/09/2017,11:23:00,6000.25,6000.25,5998.5,5998.75,275
13/09/2017,11:24:00,5998.5,5998.75,5998,5998.25,130
13/09/2017,11:25:00,5998.25,5999,5998,5998.25,163
13/09/2017,11:26:00,5998,5998.5,5997.5,5998.25,95
13/09/2017,11:27:00,5998.25,5999.25,5997.75,5998.75,180
13/09/2017,11:28:00,5999,5999.5,5998.75,5999.5,141
13/09/2017,11:29:00,5999.5,5999.75,5998,5998,226
13/09/2017,11:30:00,5998,5999,5997.75,5998.5,289
13/09/2017,11:31:00,5998.5,5999.75,5998.25,5999.5,272
13/09/2017,11:32:00,5999.5,6000.25,5998.75,5999.5,285
13/09/2017,11:33:00,5999.75,6001.25,5999.75,6001,284
13/09/2017,11:34:00,6000.75,6001.5,6000,6001.25,381
13/09/2017,11:35:00,6001.25,6001.5,5999.75,6000.5,278
13/09/2017,11:36:00,6000.5,6000.75,5999.75,6000.5,169
13/09/2017,11:37:00,6000.5,6001,5999.75,5999.75,175
13/09/2017,11:38:00,5999.75,6000,5999.25,5999.75,119
13/09/2017,11:39:00,5999.75,6001.5,5999.75,6001.25,165
13/09/2017,11:40:00,6001.25,6002.5,6001.25,6001.75,332
13/09/2017,11:41:00,6001.75,6003.5,6001.75,6002.75,331
13/09/2017,11:42:00,6003,6003.75,6002.5,6002.5,291
13/09/2017,11:43:00,6002.25,6004.75,6002.25,6004.5,432
13/09/2017,11:44:00,6004.25,6004.5,6003.25,6003.75,170
13/09/2017,11:45:00,6003.5,6003.75,6003.25,6003.5,72
13/09/2017,11:46:00,6003.25,6006.5,6003.25,6005.25,939
13/09/2017,11:47:00,6005.5,6006,6005.25,6005.75,241
13/09/2017,11:48:00,6005.75,6005.75,6005,6005.25,210
13/09/2017,11:49:00,6005,6005.25,6004.5,6005,137
13/09/2017,11:50:00,6005,6005,6003.25,6003.25,203
13/09/2017,11:51:00,6003.25,6003.75,6002.5,6003,477
13/09/2017,11:52:00,6003,6003.75,6002.5,6003.5,193
13/09/2017,11:53:00,6003.75,6003.75,6002.5,6002.75,92
13/09/2017,11:54:00,6002.75,6002.75,6001.75,6002.25,190
13/09/2017,11:55:00,6002.25,6002.75,6001.5,6001.75,260
13/09/2017,11:56:00,6001.5,6002,6001,6001.75,256
13/09/2017,11:57:00,6001.75,6002,6001,6001.75,179
13/09/2017,11:58:00,6001.5,6001.75,5999.25,6000.25,530
13/09/2017,11:59:00,6000.5,6000.75,5999.5,6000.25,154
13/09/2017,12:00:00,6000.25,6001.25,5999.75,6001.25,300
13/09/2017,12:01:00,6001,6002.25,6001,6001.25,210
13/09/2017,12:02:00,6001,6001.5,5995.5,5996.5,2099
13/09/2017,12:03:00,5996.75,6000,5995.5,5998.75,796
13/09/2017,12:04:00,5999,6001.25,5998.75,6000.5,394
13/09/2017,12:05:00,6000.25,6001,5999.75,6000.25,265
13/09/2017,12:06:00,6000,6001,5999.5,5999.75,144
13/09/2017,12:07:00,6000,6001,5999.75,6000.5,143
13/09/2017,12:08:00,6000.5,6000.75,5999.75,5999.75,132
13/09/2017,12:09:00,5999.75,6000.25,5998.5,5999.75,303
13/09/2017,12:10:00,5999.75,6000.75,5999.5,6000.5,304
13/09/2017,12:11:00,6000.25,6000.25,5999.5,6000.25,103
13/09/2017,12:12:00,6000.25,6001.25,6000,6000.75,247
13/09/2017,12:13:00,6000.75,6001,5999.5,5999.75,145
13/09/2017,12:14:00,6000,6000,5998.75,5999,197
13/09/2017,12:15:00,5999.25,6000,5998.5,5999.75,308
13/09/2017,12:16:00,5999.75,6000.5,5999.5,6000.5,279
13/09/2017,12:17:00,6000.5,6001.5,6000.25,6001,299
13/09/2017,12:18:00,6001,6002.75,6001,6002.75,242
13/09/2017,12:19:00,6002.5,6003.5,6002,6003.5,294
13/09/2017,12:20:00,6003.25,6004.75,6003,6004,362
13/09/2017,12:21:00,6004,6004.75,6003.25,6004.25,273
13/09/2017,12:22:00,6004.5,6005.5,6004.25,6004.5,461
13/09/2017,12:23:00,6004.5,6005,6004,6004.5,176
13/09/2017,12:24:00,6004.5,6004.75,6003.75,6004.25,126
13/09/2017,12:25:00,6004.25,6004.5,6003.5,6004,208
13/09/2017,12:26:00,6003.75,6003.75,6003.5,6003.5,66
13/09/2017,12:27:00,6003.5,6003.5,6001.25,6001.75,548
13/09/2017,12:28:00,6002,6002.75,5999.25,6001,1425
13/09/2017,12:29:00,6001.25,6003.75,6001,6003.5,1295
13/09/2017,12:30:00,6003.5,6005,6003.5,6003.5,865
13/09/2017,12:31:00,6004,6004.25,6002.75,6003.25,286
13/09/2017,12:32:00,6003.5,6003.5,6001.75,6002.25,165
13/09/2017,12:33:00,6002.25,6002.5,6001.25,6001.5,345
13/09/2017,12:34:00,6001.5,6001.75,6001.5,6001.5,63
13/09/2017,12:35:00,6001.5,6002,6001,6001.25,211
13/09/2017,12:36:00,6001.25,6001.5,6000.25,6000.25,194
13/09/2017,12:37:00,6000.25,6000.75,6000,6000.75,164
13/09/2017,12:38:00,6000.5,6000.75,6000,6000.5,176
13/09/2017,12:39:00,6000.25,6001.5,6000,6001.25,205
13/09/2017,12:40:00,6001.25,6001.25,6000,6000,116
13/09/2017,12:41:00,6000,6001.25,5999.75,6000.75,171
13/09/2017,12:42:00,6000.75,6001,5999.75,5999.75,173
13/09/2017,12:43:00,5999.75,6001,5999.75,6000.75,131
13/09/2017,12:44:00,6000.75,6001,5999.5,6000.25,194
13/09/2017,12:45:00,6000.25,6000.75,6000,6000.5,179
13/09/2017,12:46:00,6000.5,6000.5,5999,5999.5,312
13/09/2017,12:47:00,5999.25,6000.75,5999.25,6000.75,272
13/09/2017,12:48:00,6000.75,6000.75,6000.25,6000.5,106
13/09/2017,12:49:00,6000.5,6001,6000,6000.25,138
13/09/2017,12:50:00,6000.25,6001,6000.25,6001,79
13/09/2017,12:51:00,6001,6001.25,6000.5,6000.75,69
13/09/2017,12:52:00,6000.75,6001.5,6000.75,6001,158
13/09/2017,12:53:00,6001,6002.5,6001,6002.5,366
13/09/2017,12:54:00,6002.75,6002.75,6002,6002.75,341
13/09/2017,12:55:00,6002.75,6003,6002.25,6002.25,216
13/09/2017,12:56:00,6002.25,6002.75,6002.25,6002.5,153
13/09/2017,12:57:00,6002.5,6002.5,6001.25,6001.75,255
13/09/2017,12:58:00,6001.75,6002.25,6001.5,6002,83
13/09/2017,12:59:00,6002.5,6003,6002,6003,108
13/09/2017,13:00:00,6002.75,6004,6002.5,6003.5,212
13/09/2017,13:01:00,6003.5,6003.75,6002.75,6003,178
13/09/2017,13:02:00,6003.25,6003.25,6002,6002.25,131
13/09/2017,13:03:00,6002.25,6002.25,6000.75,6000.75,344
13/09/2017,13:04:00,6001.25,6002.25,6000.75,6001.75,294
13/09/2017,13:05:00,6001.5,6002.75,6001.25,6002.25,162
13/09/2017,13:06:00,6002.25,6003,6002,6003,201
13/09/2017,13:07:00,6003,6003.25,6002,6003,174
13/09/2017,13:08:00,6003,6003.5,6003,6003.25,125
13/09/2017,13:09:00,6003,6003,6002.25,6002.5,53
13/09/2017,13:10:00,6002.5,6003.25,6002.5,6003,107
13/09/2017,13:11:00,6002.75,6002.75,6002,6002.25,98
13/09/2017,13:12:00,6002.5,6003.25,6002.25,6003.25,61
13/09/2017,13:13:00,6003,6003.25,6002.75,6003,115
13/09/2017,13:14:00,6003,6003.75,6003,6003.25,118
13/09/2017,13:15:00,6003.5,6003.75,6002.75,6002.75,161
13/09/2017,13:16:00,6003,6004.5,6003,6004.5,249
13/09/2017,13:17:00,6004.5,6005.25,6004.25,6004.5,342
13/09/2017,13:18:00,6004.5,6004.5,6003.25,6003.75,319
13/09/2017,13:19:00,6003.75,6004,6003,6003.25,87
13/09/2017,13:20:00,6003.25,6004.75,6003,6004.25,146
13/09/2017,13:21:00,6004.25,6004.75,6003.25,6003.5,152
13/09/2017,13:22:00,6003.25,6004,6003.25,6003.5,117
13/09/2017,13:23:00,6003.75,6004.25,6003.5,6003.75,148
13/09/2017,13:24:00,6003.75,6004.75,6003.5,6004.25,186
13/09/2017,13:25:00,6004.25,6004.5,6004,6004.25,168
13/09/2017,13:26:00,6004.25,6004.5,6004,6004,77
13/09/2017,13:27:00,6004,6004.5,6003.75,6004.5,44
13/09/2017,13:28:00,6004.5,6004.5,6003.75,6003.75,59
13/09/2017,13:29:00,6003.75,6004,6002.25,6002.5,259
13/09/2017,13:30:00,6002.75,6003.5,6002.25,6002.75,299
13/09/2017,13:31:00,6002.75,6003.75,6002.5,6003,206
13/09/2017,13:32:00,6003,6003.5,6002.25,6002.75,109
13/09/2017,13:33:00,6002.5,6003.5,6002.25,6003.5,186
13/09/2017,13:34:00,6003.5,6004.25,6003.25,6003.75,214
13/09/2017,13:35:00,6003.75,6003.75,6003.25,6003.25,171
13/09/2017,13:36:00,6003.25,6004.5,6003.25,6004.25,134
13/09/2017,13:37:00,6004.25,6004.5,6002.75,6003.5,165
13/09/2017,13:38:00,6003.5,6003.5,6002.75,6003.25,50
13/09/2017,13:39:00,6003,6003.5,6002.75,6003,87
13/09/2017,13:40:00,6003,6003,6002.25,6002.75,186
13/09/2017,13:41:00,6002.75,6003.75,6002.75,6003.25,136
13/09/2017,13:42:00,6003.25,6003.5,6002.75,6003.5,146
13/09/2017,13:43:00,6003.75,6004.25,6003.5,6004.25,169
13/09/2017,13:44:00,6004.5,6005,6003.5,6004.5,380
13/09/2017,13:45:00,6004.5,6005.75,6004.25,6004.25,422
13/09/2017,13:46:00,6004,6004.25,6002.5,6002.75,479
13/09/2017,13:47:00,6002.75,6004.25,6002.75,6004.25,556
13/09/2017,13:48:00,6004.25,6004.5,6003.5,6004,304
13/09/2017,13:49:00,6004,6004,6003.5,6003.5,95
13/09/2017,13:50:00,6003.75,6004.5,6002.75,6003,588
13/09/2017,13:51:00,6002.75,6003.25,6002,6003,266
13/09/2017,13:52:00,6002.75,6003,6002.25,6002.25,87
13/09/2017,13:53:00,6002.25,6002.75,6001.75,6001.75,112
13/09/2017,13:54:00,6001.75,6002.75,6001.75,6002.5,173
13/09/2017,13:55:00,6002.25,6002.75,6001.75,6002.5,295
13/09/2017,13:56:00,6002.5,6003.25,6002.25,6003,278
13/09/2017,13:57:00,6003.25,6004,6002.75,6003.5,158
13/09/2017,13:58:00,6003.5,6003.75,6002.5,6002.75,250
13/09/2017,13:59:00,6002.75,6002.75,6001.25,6001.25,347
13/09/2017,14:00:00,6001.25,6001.75,6000.5,6001.25,346
13/09/2017,14:01:00,6001.5,6003.5,6001.5,6003,337
13/09/2017,14:02:00,6003,6003.25,6001,6001.25,365
13/09/2017,14:03:00,6001.25,6001.75,5999.5,6000.25,397
13/09/2017,14:04:00,6000.25,6000.75,5999.75,6000.5,215
13/09/2017,14:05:00,6000.5,6001.25,5999.75,6001.25,345
13/09/2017,14:06:00,6001.25,6001.25,6000.25,6001,217
13/09/2017,14:07:00,6001,6001.25,6000.5,6000.5,125
13/09/2017,14:08:00,6000.25,6000.75,6000,6000.5,174
13/09/2017,14:09:00,6000.25,6000.25,5999.5,6000,147
13/09/2017,14:10:00,6000,6000.25,5998.5,5998.5,492
13/09/2017,14:11:00,5998.75,6000.25,5997.25,5999.5,815
13/09/2017,14:12:00,5999.75,6000.75,5999.5,6000.25,168
13/09/2017,14:13:00,6000,6000.75,5999.5,6000.25,161
13/09/2017,14:14:00,6000.25,6000.5,5999.5,5999.75,154
13/09/2017,14:15:00,5999.5,6000,5999,5999.75,193
13/09/2017,14:16:00,5999.5,6001,5999,6000.5,278
13/09/2017,14:17:00,6000.5,6000.75,5999.5,6000.5,355
13/09/2017,14:18:00,6000.5,6001.25,6000.5,6001,221
13/09/2017,14:19:00,6000.75,6002.75,6000.75,6002.25,512
13/09/2017,14:20:00,6002.25,6002.5,6001.75,6002.25,217
13/09/2017,14:21:00,6002,6002.75,6001.5,6001.75,322
13/09/2017,14:22:00,6002,6002,6000,6000,231
13/09/2017,14:23:00,6000.25,6001,5999.75,6000.75,207
13/09/2017,14:24:00,6000.75,6001.5,6000.5,6000.75,189
13/09/2017,14:25:00,6000.75,6001.25,5999.5,5999.5,155
13/09/2017,14:26:00,5999.5,6000.5,5999,6000.5,236
13/09/2017,14:27:00,6000.75,6000.75,5999.75,6000,134
13/09/2017,14:28:00,6000,6000.5,5999.5,6000.25,170
13/09/2017,14:29:00,6000.25,6000.75,6000.25,6000.5,64
13/09/2017,14:30:00,6000.5,6002.5,6000.5,6002.5,337
13/09/2017,14:31:00,6002.5,6003,6002.25,6002.75,212
13/09/2017,14:32:00,6003,6003.5,6002.25,6002.75,243
13/09/2017,14:33:00,6003,6004,6002.75,6003,332
13/09/2017,14:34:00,6003,6003.5,6002,6003.25,402
13/09/2017,14:35:00,6003.25,6003.5,6002.75,6003,202
13/09/2017,14:36:00,6003,6003.25,6001.75,6002.25,181
13/09/2017,14:37:00,6002.25,6002.25,6000.25,6001.5,456
13/09/2017,14:38:00,6001.5,6002.75,6001,6001.25,253
13/09/2017,14:39:00,6001.5,6002,6001,6001.75,165
13/09/2017,14:40:00,6001.5,6001.5,6000.25,6000.25,185
13/09/2017,14:41:00,6000.25,6001.75,6000,6001.25,293
13/09/2017,14:42:00,6001.25,6001.25,6000,6000.25,346
13/09/2017,14:43:00,6000.5,6001.25,6000.5,6000.75,138
13/09/2017,14:44:00,6000.75,6001,6000.25,6000.25,133
13/09/2017,14:45:00,6000,6000.5,5999.75,6000.25,331
13/09/2017,14:46:00,6000,6001.25,6000,6001,159
13/09/2017,14:47:00,6000.5,6000.5,5999,5999,223
13/09/2017,14:48:00,5999,5999.25,5998.25,5999,291
13/09/2017,14:49:00,5998.75,5999.5,5998.75,5999,218
13/09/2017,14:50:00,5999.25,6007.75,5999.25,6006.5,3039
13/09/2017,14:51:00,6006.5,6007.5,6006.25,6007.25,337
13/09/2017,14:52:00,6007.5,6009.5,6007,6008.5,1081
13/09/2017,14:53:00,6008.75,6010.25,6008.5,6010,711
13/09/2017,14:54:00,6010,6011.5,6009.25,6011,966
13/09/2017,14:55:00,6010.75,6011.5,6010.75,6010.75,498
13/09/2017,14:56:00,6010.75,6011,6009.75,6010.5,548
13/09/2017,14:57:00,6010.5,6010.5,6009.25,6010,374
13/09/2017,14:58:00,6009.75,6010.75,6009.5,6010.25,715
13/09/2017,14:59:00,6010.25,6011.25,6009.5,6010,3868
13/09/2017,15:00:00,6010.25,6010.75,6008.5,6009.5,1447
13/09/2017,15:01:00,6009.25,6012,6009.25,6010.5,1549
13/09/2017,15:02:00,6010.5,6010.75,6009.5,6010.5,567
13/09/2017,15:03:00,6010.25,6010.25,6009.5,6009.75,242
13/09/2017,15:04:00,6009.75,6010,6008.25,6008.75,353
13/09/2017,15:05:00,6009,6009,6008.5,6008.75,122
13/09/2017,15:06:00,6008.75,6009,6008,6008.25,354
13/09/2017,15:07:00,6008.25,6008.5,6008,6008.5,86
13/09/2017,15:08:00,6008.5,6008.5,6007.75,6008.5,182
13/09/2017,15:09:00,6008.5,6009,6007.25,6007.25,193
13/09/2017,15:10:00,6007.5,6007.5,6005.25,6005.75,444
13/09/2017,15:11:00,6006,6006.25,6006,6006.25,46
13/09/2017,15:12:00,6006.25,6006.75,6006.25,6006.5,90
13/09/2017,15:13:00,6006.25,6008.75,6006.25,6008.75,209
13/09/2017,15:14:00,6008.5,6009.75,6008.5,6009,321
13/09/2017,15:30:00,6009,6010.5,6009,6010.5,85
13/09/2017,15:31:00,6010.5,6010.75,6010.25,6010.75,10
13/09/2017,15:32:00,6010.5,6010.5,6010.25,6010.5,15
13/09/2017,15:33:00,6010.25,6010.75,6010.25,6010.25,13
13/09/2017,15:34:00,6010.25,6010.75,6010.25,6010.5,15
13/09/2017,15:35:00,6010.25,6011,6010,6010.5,27
13/09/2017,15:36:00,6010.25,6010.25,6010,6010.25,7
13/09/2017,15:37:00,6010.25,6010.5,6010.25,6010.5,10
13/09/2017,15:38:00,6010.25,6010.25,6010,6010.25,7
13/09/2017,15:39:00,6010.25,6010.25,6010,6010.25,10
13/09/2017,15:40:00,6010,6010.25,6009.75,6010,27
13/09/2017,15:41:00,6010,6010,6010,6010,2
13/09/2017,15:42:00,6010,6010.5,6010,6010.5,10
13/09/2017,15:43:00,6010.5,6010.75,6010.5,6010.5,19
13/09/2017,15:44:00,6010.5,6010.5,6010.25,6010.5,14
13/09/2017,15:45:00,6010.5,6010.75,6010.5,6010.5,32
13/09/2017,15:46:00,6010.25,6010.5,6010.25,6010.5,7
13/09/2017,15:47:00,6010.25,6010.5,6010.25,6010.5,7
13/09/2017,15:48:00,6010.25,6010.5,6010.25,6010.5,5
13/09/2017,15:49:00,6010.5,6010.5,6010.25,6010.25,14
13/09/2017,15:50:00,6010.25,6010.75,6010.25,6010.75,16
13/09/2017,15:51:00,6010.75,6012,6010.75,6011.5,99
13/09/2017,15:52:00,6011.75,6012,6011.5,6011.75,45
13/09/2017,15:53:00,6011.75,6011.75,6011.25,6011.25,5
13/09/2017,15:54:00,6011,6011.25,6011,6011,21
13/09/2017,15:55:00,6011.25,6011.75,6011,6011.75,9
13/09/2017,15:56:00,6011.5,6011.5,6011.5,6011.5,8
13/09/2017,15:57:00,6011.25,6011.25,6010.75,6010.75,33
13/09/2017,15:58:00,6010.75,6010.75,6010,6010,58
13/09/2017,15:59:00,6010.25,6010.5,6009.75,6010,108
13/09/2017,17:00:00,6006.75,6009.25,6006.25,6007.5,304
13/09/2017,17:01:00,6007.25,6007.25,6006.25,6006.5,29
13/09/2017,17:02:00,6006.25,6006.5,6006,6006.5,29
13/09/2017,17:03:00,6006,6006.5,6006,6006.25,31
13/09/2017,17:04:00,6006.5,6008.75,6006.5,6008,90
13/09/2017,17:05:00,6008,6008.25,6007.5,6008.25,60
13/09/2017,17:06:00,6008.25,6008.5,6007.5,6007.75,50
13/09/2017,17:07:00,6007.75,6007.75,6005.75,6005.75,55
13/09/2017,17:08:00,6005.75,6007.75,6005.75,6007.25,64
13/09/2017,17:09:00,6007,6007.25,6007,6007.25,19
13/09/2017,17:10:00,6007,6007.25,6007,6007.25,2
13/09/2017,17:11:00,6007,6007,6006.25,6006.5,11
13/09/2017,17:12:00,6006.5,6006.75,6006.5,6006.5,20
13/09/2017,17:13:00,6006.5,6006.5,6006.25,6006.25,5
13/09/2017,17:14:00,6006.25,6006.5,6005.5,6005.5,23
13/09/2017,17:15:00,6005.75,6006,6005.75,6006,9
13/09/2017,17:16:00,6005.75,6005.75,6005.5,6005.5,31
13/09/2017,17:17:00,6005.5,6005.5,6004,6004.5,81
13/09/2017,17:18:00,6004.5,6004.75,6003.75,6004.25,57
13/09/2017,17:19:00,6004.25,6004.5,6004,6004,36
13/09/2017,17:20:00,6004.25,6004.5,6004,6004.25,21
13/09/2017,17:21:00,6004.25,6004.75,6004,6004.75,13
13/09/2017,17:22:00,6004.5,6004.75,6004.25,6004.5,16
13/09/2017,17:23:00,6004.25,6004.25,6003.5,6003.75,53
13/09/2017,17:24:00,6003.5,6003.5,6003,6003.5,22
13/09/2017,17:25:00,6003,6003.5,6001.75,6002.25,85
13/09/2017,17:26:00,6002.5,6002.5,6002,6002,7
13/09/2017,17:27:00,6002,6002.25,6001,6001.75,81
13/09/2017,17:28:00,6002,6002.25,6001.75,6002.25,8
13/09/2017,17:29:00,6002.25,6004,6002.25,6003.75,120
13/09/2017,17:30:00,6003.75,6004,6003.75,6004,62
13/09/2017,17:31:00,6004.25,6005,6002.25,6002.75,96
13/09/2017,17:32:00,6002.5,6003.5,6002.25,6003.25,25
13/09/2017,17:33:00,6003.25,6003.75,6003.25,6003.25,19
13/09/2017,17:34:00,6003,6003,6001.5,6001.5,53
13/09/2017,17:35:00,6001.5,6003.25,6001.5,6003.25,29
13/09/2017,17:36:00,6003.25,6003.25,6002,6002,9
13/09/2017,17:37:00,6002.25,6003.5,6002.25,6003.5,28
13/09/2017,17:38:00,6003.5,6003.75,6002.75,6002.75,11
13/09/2017,17:39:00,6003,6003.5,6002.75,6003.5,12
13/09/2017,17:40:00,6003.75,6003.75,6003,6003.5,24
13/09/2017,17:41:00,6003.75,6004,6003.75,6003.75,13
13/09/2017,17:42:00,6004,6004,6004,6004,6
13/09/2017,17:43:00,6004.25,6004.25,6004,6004,3
13/09/2017,17:44:00,6004.25,6004.25,6004,6004,15
13/09/2017,17:45:00,6004,6004,6003.75,6004,4
13/09/2017,17:46:00,6004,6004,6003.75,6004,8
13/09/2017,17:47:00,6003.75,6004.25,6003.5,6003.5,26
13/09/2017,17:48:00,6003.75,6003.75,6003.25,6003.25,9
13/09/2017,17:49:00,6003,6003,6003,6003,5
13/09/2017,17:50:00,6003,6003,6002.5,6002.5,5
13/09/2017,17:51:00,6003,6003.25,6003,6003.25,18
13/09/2017,17:52:00,6003.25,6003.25,6002.5,6002.75,27
13/09/2017,17:53:00,6003,6003,6003,6003,5
13/09/2017,17:54:00,6002.75,6002.75,6002.5,6002.5,7
13/09/2017,17:55:00,6003,6003,6003,6003,1
13/09/2017,17:56:00,6003,6003.75,6003,6003.75,24
13/09/2017,17:57:00,6003.5,6003.5,6002.5,6002.5,24
13/09/2017,17:58:00,6003,6003.25,6003,6003.25,5
13/09/2017,18:00:00,6003.25,6003.75,6003.25,6003.75,5
13/09/2017,18:01:00,6003.75,6003.75,6003.75,6003.75,6
13/09/2017,18:02:00,6004,6004.25,6003.75,6004.25,24
13/09/2017,18:03:00,6004,6004,6003,6003,15
13/09/2017,18:04:00,6003,6003.5,6003,6003.5,8
13/09/2017,18:05:00,6003.75,6003.75,6003.75,6003.75,3
13/09/2017,18:06:00,6003.5,6003.5,6003,6003,4
13/09/2017,18:07:00,6003.25,6003.5,6002.75,6002.75,16
13/09/2017,18:08:00,6002.75,6002.75,6002,6002.25,21
13/09/2017,18:09:00,6002.25,6003.25,6002.25,6002.25,47
13/09/2017,18:10:00,6002.25,6002.25,6001.75,6002,16
13/09/2017,18:11:00,6002.25,6003,6002.25,6002.75,27
13/09/2017,18:12:00,6002.5,6002.75,6002.5,6002.75,5
13/09/2017,18:13:00,6002.75,6003,6002.75,6003,2
13/09/2017,18:14:00,6002.75,6003,6002.75,6003,2
13/09/2017,18:15:00,6002.75,6002.75,6002.25,6002.25,10
13/09/2017,18:16:00,6002.5,6002.75,6002.5,6002.75,6
13/09/2017,18:17:00,6002.75,6003.5,6002.75,6003.25,18
13/09/2017,18:18:00,6003,6003,6003,6003,5
13/09/2017,18:19:00,6003,6003,6003,6003,1
13/09/2017,18:20:00,6002.75,6002.75,6002.75,6002.75,2
13/09/2017,18:21:00,6002.75,6003,6002.75,6003,2
13/09/2017,18:22:00,6003,6003.5,6003,6003.25,64
13/09/2017,18:24:00,6003,6003,6003,6003,2
13/09/2017,18:25:00,6002.75,6002.75,6002.5,6002.5,18
13/09/2017,18:26:00,6002.5,6002.5,6002.25,6002.5,6
13/09/2017,18:27:00,6002.5,6002.75,6002.5,6002.75,5
13/09/2017,18:28:00,6002.75,6002.75,6002.75,6002.75,1
13/09/2017,18:29:00,6002.5,6002.75,6002.5,6002.75,2
13/09/2017,18:30:00,6002.75,6002.75,6002.75,6002.75,9
13/09/2017,18:31:00,6002.75,6003,6002.75,6003,4
13/09/2017,18:32:00,6003,6003,6002.5,6003,29
13/09/2017,18:33:00,6002.75,6002.75,6002.5,6002.75,4
13/09/2017,18:34:00,6002.75,6003.25,6002.75,6003.25,14
13/09/2017,18:35:00,6003.5,6004.25,6003.5,6004.25,13
13/09/2017,18:36:00,6004.25,6004.75,6004.25,6004.25,28
13/09/2017,18:37:00,6004.25,6004.25,6003.25,6003.25,26
13/09/2017,18:38:00,6003.5,6003.5,6002.75,6002.75,14
13/09/2017,18:39:00,6002.75,6002.75,6002.75,6002.75,10
13/09/2017,18:40:00,6002.5,6002.75,6002.25,6002.5,17
13/09/2017,18:41:00,6002.5,6003,6002.5,6003,21
13/09/2017,18:42:00,6003,6003,6002,6002.25,20
13/09/2017,18:43:00,6002,6002.25,6002,6002.25,17
13/09/2017,18:44:00,6002.5,6002.5,6002.5,6002.5,4
13/09/2017,18:45:00,6002.75,6002.75,6002.5,6002.75,25
13/09/2017,18:47:00,6003,6003,6002.5,6002.5,15
13/09/2017,18:48:00,6002.75,6003.25,6002.25,6002.25,28
13/09/2017,18:49:00,6002.5,6002.5,6002.25,6002.25,3
13/09/2017,18:50:00,6002.5,6003.25,6002.5,6002.5,157
13/09/2017,18:51:00,6002.25,6002.75,6002.25,6002.5,9
13/09/2017,18:52:00,6002.75,6003,6002.25,6002.5,24
13/09/2017,18:53:00,6002.75,6003,6002.75,6003,5
13/09/2017,18:54:00,6002.75,6002.75,6002.5,6002.5,5
13/09/2017,18:55:00,6002.75,6002.75,6002.5,6002.5,12
13/09/2017,18:56:00,6002.5,6002.5,6002.5,6002.5,1
13/09/2017,18:57:00,6002.5,6003,6002.5,6003,3
13/09/2017,18:59:00,6002.5,6002.5,6002.25,6002.25,5
13/09/2017,19:00:00,6002.25,6002.5,6001.75,6002.5,27
13/09/2017,19:01:00,6002.5,6002.75,6002.5,6002.75,6
13/09/2017,19:02:00,6002.75,6003.5,6002.75,6003.5,19
13/09/2017,19:03:00,6003.75,6004.25,6003.75,6004.25,19
13/09/2017,19:04:00,6004.25,6005,6004.25,6004.5,36
13/09/2017,19:05:00,6004.5,6004.5,6004.25,6004.25,10
13/09/2017,19:06:00,6003.75,6003.75,6003,6003,34
13/09/2017,19:07:00,6003.25,6003.75,6003.25,6003.5,23
13/09/2017,19:08:00,6003.75,6003.75,6003.5,6003.75,32
13/09/2017,19:09:00,6004,6004.5,6003.75,6004.25,30
13/09/2017,19:10:00,6004,6004,6003,6003,39
13/09/2017,19:11:00,6003.25,6003.25,6003.25,6003.25,2
13/09/2017,19:12:00,6003,6003,6002.75,6002.75,9
13/09/2017,19:13:00,6002.75,6003,6002.75,6003,5
13/09/2017,19:14:00,6003,6003.25,6002.75,6003,36
13/09/2017,19:15:00,6002.75,6003,6002.5,6002.5,22
13/09/2017,19:16:00,6002.5,6003.25,6002.25,6002.5,45
13/09/2017,19:17:00,6002.75,6002.75,6002,6002,43
13/09/2017,19:18:00,6002.25,6002.25,6002,6002,11
13/09/2017,19:19:00,6002,6002,6002,6002,1
13/09/2017,19:20:00,6002.25,6003,6002.25,6002.75,19
13/09/2017,19:21:00,6002.75,6002.75,6002.5,6002.5,4
13/09/2017,19:22:00,6002.5,6002.5,6002.5,6002.5,4
13/09/2017,19:23:00,6002.25,6002.25,6002,6002,21
13/09/2017,19:24:00,6002.25,6002.5,6001.75,6001.75,40
13/09/2017,19:25:00,6002,6002.25,6002,6002.25,7
13/09/2017,19:26:00,6002.5,6002.5,6002.5,6002.5,3
13/09/2017,19:27:00,6002.75,6003.25,6002.75,6003,26
13/09/2017,19:28:00,6003,6003.25,6002.75,6003,44
13/09/2017,19:29:00,6003,6003,6002.75,6003,7
13/09/2017,19:30:00,6003.25,6003.5,6003.25,6003.25,36
13/09/2017,19:31:00,6003.25,6003.5,6003,6003,24
13/09/2017,19:32:00,6003,6003.25,6003,6003,20
13/09/2017,19:33:00,6003,6003,6003,6003,6
13/09/2017,19:34:00,6002.75,6002.75,6002.5,6002.5,5
13/09/2017,19:35:00,6002.75,6002.75,6002.5,6002.5,12
13/09/2017,19:36:00,6002.25,6002.25,6002.25,6002.25,4
13/09/2017,19:37:00,6002.5,6003,6002.5,6002.5,19
13/09/2017,19:38:00,6002.75,6002.75,6002.75,6002.75,3
13/09/2017,19:39:00,6002.5,6002.5,6002,6002.25,16
13/09/2017,19:40:00,6002.25,6003,6002.25,6003,12
13/09/2017,19:41:00,6003,6003.25,6003,6003,22
13/09/2017,19:42:00,6003.25,6004,6003.25,6004,32
13/09/2017,19:43:00,6004.5,6004.75,6004.25,6004.25,49
13/09/2017,19:44:00,6004,6004.25,6004,6004.25,17
13/09/2017,19:45:00,6004.5,6004.75,6004.5,6004.5,18
13/09/2017,19:46:00,6005,6005.25,6005,6005.25,58
13/09/2017,19:47:00,6005,6005.25,6005,6005,16
13/09/2017,19:48:00,6005,6005,6004.75,6005,18
13/09/2017,19:49:00,6004.75,6004.75,6004.5,6004.5,5
13/09/2017,19:50:00,6004.5,6004.75,6004.5,6004.75,4
13/09/2017,19:51:00,6004.75,6004.75,6004.5,6004.75,14
13/09/2017,19:52:00,6005,6005.25,6005,6005.25,2
13/09/2017,19:53:00,6005,6005,6004.25,6004.25,24
13/09/2017,19:54:00,6004.25,6004.5,6004.25,6004.5,16
13/09/2017,19:55:00,6004.75,6005.75,6004.5,6005.75,47
13/09/2017,19:56:00,6005.5,6005.75,6005.5,6005.5,16
13/09/2017,19:57:00,6005.75,6005.75,6005.5,6005.75,4
13/09/2017,19:58:00,6005.75,6005.75,6005.5,6005.5,8
13/09/2017,19:59:00,6005.75,6005.75,6005.5,6005.75,11
13/09/2017,20:00:00,6005.5,6005.5,6005.25,6005.5,34
13/09/2017,20:01:00,6005.5,6005.75,6005.5,6005.75,5
13/09/2017,20:02:00,6006,6006.75,6006,6006.5,70
13/09/2017,20:03:00,6006.25,6007.25,6006.25,6007.25,51
13/09/2017,20:04:00,6007.25,6007.75,6006.75,6007,34
13/09/2017,20:05:00,6007,6007.25,6007,6007.25,2
13/09/2017,20:06:00,6007,6007.5,6007,6007.5,13
13/09/2017,20:07:00,6007.25,6007.5,6006.75,6006.75,21
13/09/2017,20:08:00,6006.75,6007,6006.75,6006.75,16
13/09/2017,20:09:00,6007,6007,6006.5,6007,21
13/09/2017,20:10:00,6006.5,6006.5,6006,6006,9
13/09/2017,20:11:00,6006,6006.25,6005.5,6006,30
13/09/2017,20:12:00,6005.75,6005.75,6005.75,6005.75,11
13/09/2017,20:13:00,6005.5,6005.5,6005.25,6005.25,16
13/09/2017,20:14:00,6005.25,6005.25,6005.25,6005.25,2
13/09/2017,20:15:00,6005.25,6005.25,6005.25,6005.25,24
13/09/2017,20:16:00,6005.25,6005.25,6004.5,6004.5,30
13/09/2017,20:17:00,6004.5,6004.75,6004.5,6004.5,10
13/09/2017,20:18:00,6004.75,6005,6004.75,6005,6
13/09/2017,20:19:00,6004.5,6005,6004.5,6005,16
13/09/2017,20:20:00,6005,6005,6004.75,6004.75,10
13/09/2017,20:21:00,6004.75,6005,6004.75,6005,3
13/09/2017,20:22:00,6005,6005,6004.5,6004.5,18
13/09/2017,20:23:00,6004.75,6004.75,6004.25,6004.5,28
13/09/2017,20:24:00,6004.75,6005.5,6004.75,6005.25,10
13/09/2017,20:25:00,6005,6005.25,6005,6005.25,4
13/09/2017,20:26:00,6005,6005,6004.75,6004.75,14
13/09/2017,20:27:00,6005,6005.25,6005,6005.25,5
13/09/2017,20:28:00,6005,6005.25,6005,6005.25,5
13/09/2017,20:29:00,6005.5,6005.75,6005.25,6005.25,22
13/09/2017,20:30:00,6005.5,6005.5,6005.5,6005.5,4
13/09/2017,20:31:00,6005.5,6006.5,6005.5,6005.75,51
13/09/2017,20:32:00,6005.75,6006,6005.5,6005.5,16
13/09/2017,20:33:00,6005.75,6005.75,6005.5,6005.75,11
13/09/2017,20:34:00,6006,6006,6005.25,6005.5,26
13/09/2017,20:35:00,6005.25,6005.25,6004.75,6005,19
13/09/2017,20:36:00,6005,6005.25,6005,6005.25,15
13/09/2017,20:37:00,6005.75,6005.75,6005.5,6005.5,13
13/09/2017,20:38:00,6005.75,6005.75,6005.25,6005.5,13
13/09/2017,20:39:00,6006,6006.5,6006,6006.5,16
13/09/2017,20:40:00,6006.75,6006.75,6006.5,6006.5,13
13/09/2017,20:41:00,6006.25,6006.5,6006,6006,14
13/09/2017,20:42:00,6006,6006.75,6006,6006.75,11
13/09/2017,20:43:00,6006.75,6007,6006.5,6007,9
13/09/2017,20:44:00,6006.75,6007.75,6006.75,6007.25,63
13/09/2017,20:45:00,6007.5,6007.5,6007.25,6007.5,19
13/09/2017,20:46:00,6007.5,6007.75,6007.5,6007.5,14
13/09/2017,20:47:00,6007.5,6007.75,6007,6007.25,26
13/09/2017,20:48:00,6007.25,6007.75,6007.25,6007.5,24
13/09/2017,20:49:00,6007.5,6007.5,6007,6007.25,29
13/09/2017,20:50:00,6007.25,6007.5,6007.25,6007.25,9
13/09/2017,20:51:00,6007.25,6007.25,6006.75,6007,37
13/09/2017,20:52:00,6007.25,6007.25,6007,6007,9
13/09/2017,20:53:00,6007.25,6007.25,6007,6007.25,22
13/09/2017,20:54:00,6007.5,6007.5,6007.5,6007.5,11
13/09/2017,20:55:00,6007.25,6007.25,6007,6007.25,10
13/09/2017,20:56:00,6007,6007,6006.75,6006.75,23
13/09/2017,20:57:00,6006.75,6006.75,6006.75,6006.75,4
13/09/2017,20:58:00,6006.75,6007,6006.75,6007,5
13/09/2017,20:59:00,6006.75,6006.75,6006.5,6006.5,2
13/09/2017,21:00:00,6006.5,6006.5,6005.25,6005.5,90
13/09/2017,21:01:00,6005.5,6006.5,6005.5,6006.5,38
13/09/2017,21:02:00,6006.75,6006.75,6006,6006.25,30
13/09/2017,21:03:00,6006.25,6006.25,6006,6006,4
13/09/2017,21:04:00,6005.75,6005.75,6005.75,6005.75,6
13/09/2017,21:05:00,6005.75,6005.75,6004.5,6004.5,38
13/09/2017,21:06:00,6004.75,6005.25,6004.75,6005,10
13/09/2017,21:07:00,6004.75,6005,6004.75,6004.75,10
13/09/2017,21:08:00,6005,6005,6005,6005,1
13/09/2017,21:09:00,6004.75,6005.25,6004.75,6005.25,32
13/09/2017,21:11:00,6005.25,6005.25,6004.75,6004.75,9
13/09/2017,21:12:00,6004.75,6005.25,6004.75,6005,7
13/09/2017,21:13:00,6005,6005.75,6005,6005.75,6
13/09/2017,21:14:00,6005.5,6005.5,6005.25,6005.25,5
13/09/2017,21:15:00,6005,6005,6004.25,6004.5,19
13/09/2017,21:16:00,6004.25,6004.25,6003.25,6003.75,57
13/09/2017,21:17:00,6003.75,6003.75,6003.5,6003.5,19
13/09/2017,21:18:00,6003.5,6004,6002.5,6002.75,101
13/09/2017,21:19:00,6002.75,6002.75,6002.5,6002.75,14
13/09/2017,21:20:00,6002.5,6002.75,6002.5,6002.5,35
13/09/2017,21:21:00,6002.75,6003,6002.75,6002.75,14
13/09/2017,21:22:00,6002.75,6003,6002.75,6003,8
13/09/2017,21:23:00,6003.25,6003.75,6003.25,6003.75,28
13/09/2017,21:24:00,6003.5,6003.5,6003,6003.25,12
13/09/2017,21:25:00,6003.5,6004,6003.5,6004,15
13/09/2017,21:26:00,6004,6004.25,6004,6004.25,4
13/09/2017,21:27:00,6004.25,6004.25,6004,6004.25,17
13/09/2017,21:28:00,6004,6004.25,6004,6004.25,9
13/09/2017,21:29:00,6004,6004.25,6004,6004.25,14
13/09/2017,21:30:00,6004.25,6005.5,6004.25,6005.25,45
13/09/2017,21:31:00,6005.25,6005.5,6005.25,6005.5,23
13/09/2017,21:32:00,6005.75,6006,6005.25,6005.25,29
13/09/2017,21:33:00,6005.25,6005.5,6005,6005.25,6
13/09/2017,21:34:00,6005,6005,6004.75,6005,11
13/09/2017,21:35:00,6004.75,6004.75,6004.75,6004.75,2
13/09/2017,21:36:00,6005,6005,6005,6005,5
13/09/2017,21:37:00,6004.75,6005,6004.5,6004.5,5
13/09/2017,21:38:00,6004.5,6004.5,6004,6004,20
13/09/2017,21:39:00,6004.25,6004.25,6004,6004,6
13/09/2017,21:40:00,6004.25,6004.25,6004,6004,5
13/09/2017,21:41:00,6004.25,6004.25,6004.25,6004.25,4
13/09/2017,21:42:00,6004.25,6004.25,6004.25,6004.25,4
13/09/2017,21:43:00,6004,6004.75,6004,6004.75,35
13/09/2017,21:44:00,6004.5,6004.5,6004.5,6004.5,4
13/09/2017,21:45:00,6004.5,6004.5,6004.5,6004.5,3
13/09/2017,21:46:00,6004.75,6004.75,6004.5,6004.5,4
13/09/2017,21:47:00,6004.75,6005.25,6004.75,6005,23
13/09/2017,21:48:00,6004.75,6005,6004.75,6005,6
13/09/2017,21:49:00,6005,6005,6005,6005,6
13/09/2017,21:50:00,6004.75,6005.25,6004.75,6005.25,10
13/09/2017,21:51:00,6005,6005,6005,6005,7
13/09/2017,21:52:00,6004.5,6004.5,6003.5,6003.5,27
13/09/2017,21:53:00,6004,6004,6004,6004,8
13/09/2017,21:54:00,6003.75,6004,6003.5,6003.75,28
13/09/2017,21:55:00,6003.5,6003.5,6003.25,6003.5,18
13/09/2017,21:56:00,6003.5,6003.5,6003.5,6003.5,1
13/09/2017,21:58:00,6003.5,6003.5,6003.5,6003.5,14
13/09/2017,21:59:00,6003.5,6003.5,6003.25,6003.25,19
13/09/2017,22:00:00,6003.25,6003.5,6003.25,6003.5,9
13/09/2017,22:01:00,6003.25,6003.25,6003.25,6003.25,2
13/09/2017,22:02:00,6003.25,6003.5,6003,6003.5,5
13/09/2017,22:03:00,6003.25,6003.5,6003.25,6003.25,8
13/09/2017,22:05:00,6003.25,6003.5,6003.25,6003.5,2
13/09/2017,22:06:00,6003.5,6003.5,6003.5,6003.5,12
13/09/2017,22:07:00,6003.75,6003.75,6003.75,6003.75,3
13/09/2017,22:08:00,6003.75,6003.75,6003.75,6003.75,2
13/09/2017,22:10:00,6003.75,6003.75,6003.5,6003.5,3
13/09/2017,22:11:00,6003.75,6003.75,6003.5,6003.5,7
13/09/2017,22:12:00,6003.5,6003.5,6003.25,6003.25,2
13/09/2017,22:13:00,6003.5,6003.5,6003.5,6003.5,6
13/09/2017,22:14:00,6003.25,6003.25,6003.25,6003.25,11
13/09/2017,22:15:00,6003,6003,6002.75,6002.75,30
13/09/2017,22:16:00,6002.75,6002.75,6002.75,6002.75,1
13/09/2017,22:17:00,6003,6003,6002.75,6002.75,11
13/09/2017,22:18:00,6002.5,6002.5,6002,6002.25,54
13/09/2017,22:19:00,6002,6002,6001.25,6001.5,58
13/09/2017,22:20:00,6001.75,6002.25,6001.75,6002.25,21
13/09/2017,22:21:00,6002,6002.25,6001.75,6002,15
13/09/2017,22:22:00,6001.75,6002.5,6001.75,6002.5,8
13/09/2017,22:23:00,6002.25,6002.25,6001.5,6001.5,17
13/09/2017,22:24:00,6001.5,6001.75,6001.25,6001.75,15
13/09/2017,22:25:00,6001.75,6001.75,6001.75,6001.75,5
13/09/2017,22:26:00,6001.75,6002,6001.75,6002,17
13/09/2017,22:27:00,6002.25,6002.25,6002.25,6002.25,3
13/09/2017,22:28:00,6002.25,6002.5,6002,6002.25,25
13/09/2017,22:29:00,6002.25,6002.25,6002,6002.25,5
13/09/2017,22:30:00,6002.25,6002.75,6002,6002.75,49
13/09/2017,22:31:00,6002.5,6002.5,6001.75,6001.75,26
13/09/2017,22:32:00,6002,6002,6001.75,6002,10
13/09/2017,22:33:00,6002.25,6002.25,6001.75,6001.75,10
13/09/2017,22:34:00,6002.25,6002.5,6002,6002.5,9
13/09/2017,22:35:00,6002.25,6002.75,6002.25,6002.75,11
13/09/2017,22:36:00,6002.5,6002.5,6002.5,6002.5,2
13/09/2017,22:37:00,6002.25,6002.75,6002.25,6002.5,29
13/09/2017,22:38:00,6002.25,6002.25,6002.25,6002.25,5
13/09/2017,22:39:00,6002.5,6002.75,6002.5,6002.75,9
13/09/2017,22:40:00,6002.5,6002.75,6002.5,6002.75,8
13/09/2017,22:41:00,6002.75,6002.75,6002.75,6002.75,2
13/09/2017,22:42:00,6002.5,6002.5,6002,6002,13
13/09/2017,22:43:00,6002,6002,6002,6002,3
13/09/2017,22:44:00,6002,6002,6001.75,6002,6
13/09/2017,22:45:00,6002,6002.25,6002,6002.25,6
13/09/2017,22:46:00,6002,6002.25,6002,6002,11
13/09/2017,22:47:00,6001.75,6001.75,6001.5,6001.5,3
13/09/2017,22:48:00,6001.5,6001.5,6001.25,6001.25,18
13/09/2017,22:49:00,6001.5,6001.75,6001.5,6001.75,11
13/09/2017,22:50:00,6001.75,6001.75,6001.75,6001.75,5
13/09/2017,22:51:00,6001.75,6001.75,6001.5,6001.5,3
13/09/2017,22:52:00,6001.75,6001.75,6001.5,6001.5,2
13/09/2017,22:53:00,6001.75,6002,6001.75,6002,7
13/09/2017,22:54:00,6002,6002,6001.75,6002,22
13/09/2017,22:55:00,6002.25,6002.75,6002.25,6002.75,18
13/09/2017,22:56:00,6002.75,6003.25,6002.75,6003.25,23
13/09/2017,22:57:00,6003,6003.25,6003,6003.25,3
13/09/2017,22:58:00,6003.25,6003.25,6003,6003,2
13/09/2017,22:59:00,6003,6003,6002.75,6002.75,14
13/09/2017,23:00:00,6003,6003.25,6003,6003,11
13/09/2017,23:01:00,6003,6003,6003,6003,7
13/09/2017,23:02:00,6002.75,6002.75,6002.75,6002.75,3
13/09/2017,23:04:00,6002.75,6002.75,6002.5,6002.75,5
13/09/2017,23:05:00,6003,6003,6003,6003,3
13/09/2017,23:06:00,6002.75,6002.75,6002.75,6002.75,1
13/09/2017,23:07:00,6003,6003,6002.75,6002.75,4
13/09/2017,23:08:00,6002.5,6002.5,6002.5,6002.5,1
13/09/2017,23:09:00,6002.75,6002.75,6002.75,6002.75,1
13/09/2017,23:10:00,6002.75,6002.75,6002.5,6002.5,2
13/09/2017,23:11:00,6002.5,6002.5,6002.25,6002.25,18
13/09/2017,23:12:00,6002.25,6002.25,6002.25,6002.25,3
13/09/2017,23:13:00,6002.25,6002.75,6002.25,6002.5,12
13/09/2017,23:14:00,6002.75,6002.75,6002.75,6002.75,2
13/09/2017,23:15:00,6002.75,6002.75,6002.75,6002.75,8
13/09/2017,23:16:00,6002.75,6002.75,6002.75,6002.75,1
13/09/2017,23:17:00,6002.75,6002.75,6002.75,6002.75,1
13/09/2017,23:19:00,6002.75,6002.75,6002.75,6002.75,7
13/09/2017,23:20:00,6002.5,6002.5,6001.75,6002,20
13/09/2017,23:21:00,6001.75,6001.75,6001.75,6001.75,4
13/09/2017,23:22:00,6001.75,6001.75,6001.5,6001.5,5
13/09/2017,23:23:00,6001.75,6001.75,6001.75,6001.75,4
13/09/2017,23:24:00,6001.75,6002.25,6001.75,6002.25,22
13/09/2017,23:25:00,6002,6002,6002,6002,6
13/09/2017,23:26:00,6001.75,6002,6001.75,6002,2
13/09/2017,23:27:00,6001.75,6002.25,6001.75,6002.25,23
13/09/2017,23:28:00,6002.5,6002.5,6002.5,6002.5,2
13/09/2017,23:29:00,6002.5,6002.5,6002.5,6002.5,8
13/09/2017,23:30:00,6002.5,6002.75,6002.5,6002.75,14
13/09/2017,23:31:00,6002.75,6002.75,6002.5,6002.75,11
13/09/2017,23:32:00,6002.75,6003,6002.75,6003,16
13/09/2017,23:33:00,6003,6003,6002.75,6002.75,2
13/09/2017,23:34:00,6003,6003,6002.75,6002.75,2
13/09/2017,23:35:00,6002.5,6002.5,6002.5,6002.5,1
13/09/2017,23:36:00,6002.5,6002.5,6002.5,6002.5,1
13/09/2017,23:37:00,6002.5,6002.5,6001.75,6001.75,7
13/09/2017,23:38:00,6001.75,6002,6001.75,6001.75,3
13/09/2017,23:39:00,6002,6002,6002,6002,5
13/09/2017,23:40:00,6001.75,6001.75,6001.5,6001.75,7
13/09/2017,23:41:00,6001.5,6001.5,6001.5,6001.5,6
13/09/2017,23:42:00,6001.5,6001.75,6001.25,6001.75,9
13/09/2017,23:43:00,6001.75,6001.75,6001.25,6001.25,8
13/09/2017,23:44:00,6001.5,6001.75,6001.5,6001.75,4
13/09/2017,23:45:00,6001.75,6001.75,6001.5,6001.5,5
13/09/2017,23:46:00,6001.75,6001.75,6001,6001.75,35
13/09/2017,23:47:00,6002,6002,6002,6002,10
13/09/2017,23:48:00,6002,6002,6002,6002,4
13/09/2017,23:49:00,6002,6002,6002,6002,2
13/09/2017,23:50:00,6002,6002,6002,6002,5
13/09/2017,23:51:00,6002,6002,6002,6002,2
13/09/2017,23:52:00,6002.25,6002.25,6002.25,6002.25,8
13/09/2017,23:54:00,6002.5,6002.5,6002.25,6002.25,4
13/09/2017,23:55:00,6002.25,6002.25,6002.25,6002.25,2
13/09/2017,23:58:00,6002.25,6002.25,6002.25,6002.25,6
13/09/2017,23:59:00,6002.25,6002.25,6002,6002,3