12/09/2017,01:29:00,126.8906,126.8906,126.8906,126.8906,273
12/09/2017,01:30:00,126.8906,126.9063,126.875,126.9063,359
12/09/2017,01:31:00,126.8906,126.8906,126.8906,126.8906,682
12/09/2017,01:32:00,126.875,126.8906,126.875,126.8906,89
12/09/2017,01:33:00,126.875,126.8906,126.875,126.8906,29
12/09/2017,01:34:00,126.875,126.875,126.875,126.875,78
12/09/2017,01:35:00,126.875,126.875,126.875,126.875,7
12/09/2017,01:36:00,126.875,126.8906,126.875,126.875,18
12/09/2017,01:37:00,126.875,126.875,126.875,126.875,311
12/09/2017,01:38:00,126.875,126.875,126.875,126.875,9
12/09/2017,01:39:00,126.875,126.8906,126.875,126.875,143
12/09/2017,01:40:00,126.875,126.8906,126.875,126.875,1514
12/09/2017,01:41:00,126.875,126.875,126.875,126.875,96
12/09/2017,01:42:00,126.875,126.8906,126.8594,126.8594,770
12/09/2017,01:43:00,126.8594,126.8594,126.8594,126.8594,1919
12/09/2017,01:44:00,126.8594,126.8594,126.8594,126.8594,577
12/09/2017,01:45:00,126.8438,126.8594,126.8438,126.8594,500
12/09/2017,01:46:00,126.8438,126.875,126.8438,126.875,816
12/09/2017,01:47:00,126.8594,126.875,126.8594,126.8594,169
12/09/2017,01:48:00,126.875,126.875,126.8594,126.8594,7
12/09/2017,01:49:00,126.8594,126.875,126.8594,126.875,336
12/09/2017,01:50:00,126.8594,126.875,126.8594,126.875,226
12/09/2017,01:51:00,126.8594,126.875,126.8594,126.875,12
12/09/2017,01:52:00,126.875,126.875,126.8594,126.8594,87
12/09/2017,01:53:00,126.8594,126.8594,126.8594,126.8594,45
12/09/2017,01:54:00,126.8594,126.8594,126.8594,126.8594,1224
12/09/2017,01:55:00,126.8594,126.8594,126.8438,126.8438,1226
12/09/2017,01:56:00,126.8594,126.8594,126.8438,126.8438,1023
12/09/2017,01:57:00,126.8594,126.8594,126.8438,126.8438,176
12/09/2017,01:58:00,126.8438,126.8594,126.8438,126.8594,3088
12/09/2017,01:59:00,126.8594,126.875,126.8594,126.8594,810
12/09/2017,02:00:00,126.875,126.875,126.8594,126.8594,1701
12/09/2017,02:01:00,126.8594,126.8594,126.8594,126.8594,68
12/09/2017,02:02:00,126.8594,126.8594,126.8594,126.8594,98
12/09/2017,02:03:00,126.8594,126.8594,126.8438,126.8594,1048
12/09/2017,02:04:00,126.8438,126.8594,126.8438,126.8438,229
12/09/2017,02:05:00,126.8438,126.8594,126.8438,126.8438,603
12/09/2017,02:06:00,126.8438,126.8438,126.8438,126.8438,263
12/09/2017,02:07:00,126.8594,126.8594,126.8438,126.8438,26
12/09/2017,02:08:00,126.8438,126.8594,126.8438,126.8438,270
12/09/2017,02:09:00,126.8438,126.8594,126.8438,126.8438,163
12/09/2017,02:10:00,126.8438,126.8594,126.8438,126.8594,374
12/09/2017,02:11:00,126.8438,126.8594,126.8438,126.8438,82
12/09/2017,02:12:00,126.8438,126.8594,126.8438,126.8438,117
12/09/2017,02:13:00,126.8438,126.8594,126.8438,126.8438,10
12/09/2017,02:14:00,126.8438,126.8594,126.8438,126.8438,57
12/09/2017,02:15:00,126.8594,126.8594,126.8438,126.8594,435
12/09/2017,02:16:00,126.8438,126.8594,126.8438,126.8594,241
12/09/2017,02:17:00,126.8438,126.8594,126.8281,126.8594,2977
12/09/2017,02:18:00,126.8438,126.8594,126.8438,126.8438,1118
12/09/2017,02:19:00,126.8438,126.8438,126.8281,126.8281,219
12/09/2017,02:20:00,126.8438,126.8438,126.8438,126.8438,231
12/09/2017,02:21:00,126.8438,126.8438,126.8438,126.8438,1703
12/09/2017,02:22:00,126.8438,126.8438,126.8281,126.8438,116
12/09/2017,02:23:00,126.8281,126.8438,126.8281,126.8438,213
12/09/2017,02:24:00,126.8281,126.8438,126.8281,126.8281,278
12/09/2017,02:25:00,126.8281,126.8438,126.8281,126.8438,358
12/09/2017,02:26:00,126.8438,126.8438,126.8281,126.8438,25
12/09/2017,02:27:00,126.8438,126.8438,126.8281,126.8281,447
12/09/2017,02:28:00,126.8438,126.8438,126.8281,126.8281,721
12/09/2017,02:29:00,126.8438,126.8594,126.8438,126.8438,1060
12/09/2017,02:30:00,126.8438,126.8594,126.8438,126.8594,92
12/09/2017,02:31:00,126.8594,126.8594,126.8438,126.8594,266
12/09/2017,02:32:00,126.8438,126.8594,126.8438,126.8594,287
12/09/2017,02:33:00,126.8594,126.8594,126.8438,126.8594,222
12/09/2017,02:34:00,126.8594,126.8594,126.8438,126.8594,116
12/09/2017,02:35:00,126.8438,126.875,126.8438,126.8594,1150
12/09/2017,02:36:00,126.8594,126.8594,126.8438,126.8438,1323
12/09/2017,02:37:00,126.8594,126.8594,126.8438,126.8438,1165
12/09/2017,02:38:00,126.8594,126.8594,126.8438,126.8594,111
12/09/2017,02:39:00,126.8438,126.8438,126.8438,126.8438,536
12/09/2017,02:40:00,126.8281,126.8438,126.8281,126.8438,49
12/09/2017,02:41:00,126.8281,126.8438,126.8281,126.8438,12
12/09/2017,02:42:00,126.8281,126.8438,126.8281,126.8438,5
12/09/2017,02:43:00,126.8281,126.8438,126.8125,126.8125,1850
12/09/2017,02:44:00,126.8125,126.8281,126.8125,126.8281,33
12/09/2017,02:45:00,126.8125,126.8438,126.8125,126.8438,1855
12/09/2017,02:46:00,126.8438,126.8594,126.8438,126.8594,659
12/09/2017,02:47:00,126.8438,126.8594,126.8438,126.8438,625
12/09/2017,02:48:00,126.8438,126.8438,126.8438,126.8438,1701
12/09/2017,02:49:00,126.8438,126.8438,126.8281,126.8281,861
12/09/2017,02:50:00,126.8281,126.8438,126.8281,126.8438,5
12/09/2017,02:51:00,126.8281,126.8438,126.8281,126.8438,20
12/09/2017,02:52:00,126.8438,126.8438,126.8281,126.8281,2744
12/09/2017,02:53:00,126.8438,126.8438,126.8438,126.8438,1
12/09/2017,02:54:00,126.8281,126.8594,126.8281,126.8594,826
12/09/2017,02:55:00,126.8438,126.8438,126.8281,126.8281,1234
12/09/2017,02:56:00,126.8281,126.8438,126.8281,126.8438,997
12/09/2017,02:57:00,126.8438,126.8438,126.8438,126.8438,1257
12/09/2017,02:58:00,126.8438,126.8438,126.8281,126.8438,48
12/09/2017,02:59:00,126.8281,126.8281,126.8125,126.8281,2413
12/09/2017,03:00:00,126.8125,126.8281,126.8125,126.8125,60
12/09/2017,03:01:00,126.8125,126.8125,126.7969,126.7969,2658
12/09/2017,03:02:00,126.7969,126.8125,126.7969,126.8125,3040
12/09/2017,03:03:00,126.8125,126.8125,126.7969,126.7969,3318
12/09/2017,03:04:00,126.7969,126.8125,126.7969,126.7969,33
12/09/2017,03:05:00,126.8125,126.8125,126.7969,126.7969,222
12/09/2017,03:06:00,126.8125,126.8281,126.7969,126.8281,1501
12/09/2017,03:07:00,126.8125,126.8281,126.8125,126.8281,265
12/09/2017,03:08:00,126.8125,126.8281,126.8125,126.8125,2150
12/09/2017,03:09:00,126.8125,126.8281,126.7969,126.8125,1326
12/09/2017,03:10:00,126.7969,126.8125,126.7969,126.8125,314
12/09/2017,03:11:00,126.7969,126.8125,126.7969,126.8125,305
12/09/2017,03:12:00,126.7969,126.7969,126.7813,126.7813,1107
12/09/2017,03:13:00,126.7813,126.7969,126.7813,126.7969,30
12/09/2017,03:14:00,126.7813,126.7969,126.7813,126.7969,821
12/09/2017,03:15:00,126.7813,126.7969,126.7813,126.7969,863
12/09/2017,03:16:00,126.7969,126.7969,126.7813,126.7969,36
12/09/2017,03:17:00,126.7813,126.7813,126.7656,126.7813,4882
12/09/2017,03:18:00,126.7813,126.7969,126.7813,126.7813,335
12/09/2017,03:19:00,126.7969,126.7969,126.7813,126.7969,466
12/09/2017,03:20:00,126.7813,126.7969,126.7813,126.7969,792
12/09/2017,03:21:00,126.7969,126.7969,126.7813,126.7969,305
12/09/2017,03:22:00,126.7969,126.7969,126.7813,126.7969,39
12/09/2017,03:23:00,126.7969,126.7969,126.7813,126.7969,2260
12/09/2017,03:24:00,126.7969,126.8125,126.7969,126.8125,14
12/09/2017,03:25:00,126.7969,126.7969,126.7813,126.7969,1118
12/09/2017,03:26:00,126.7969,126.8125,126.7813,126.8125,896
12/09/2017,03:27:00,126.8125,126.8125,126.7813,126.7969,1064
12/09/2017,03:28:00,126.8125,126.8125,126.7969,126.7969,356
12/09/2017,03:29:00,126.8125,126.8125,126.7969,126.8125,1077
12/09/2017,03:30:00,126.7969,126.7969,126.7656,126.7656,5716
12/09/2017,03:31:00,126.7656,126.7813,126.7656,126.7656,3758
12/09/2017,03:32:00,126.7656,126.7813,126.7656,126.7656,3714
12/09/2017,03:33:00,126.7656,126.7813,126.7656,126.7813,632
12/09/2017,03:34:00,126.7656,126.7813,126.7656,126.7813,6
12/09/2017,03:35:00,126.7656,126.7969,126.7656,126.7813,618
12/09/2017,03:36:00,126.7969,126.7969,126.7813,126.7813,76
12/09/2017,03:37:00,126.7813,126.7969,126.7813,126.7813,1122
12/09/2017,03:38:00,126.7813,126.7969,126.7813,126.7969,67
12/09/2017,03:39:00,126.7969,126.7969,126.7813,126.7969,3
12/09/2017,03:40:00,126.7813,126.7969,126.7656,126.7656,1402
12/09/2017,03:41:00,126.7813,126.7969,126.7656,126.7969,1961
12/09/2017,03:42:00,126.7969,126.7969,126.7813,126.7969,665
12/09/2017,03:43:00,126.7969,126.7969,126.7813,126.7969,6
12/09/2017,03:44:00,126.7969,126.7969,126.7813,126.7969,129
12/09/2017,03:45:00,126.7969,126.7969,126.7969,126.7969,2787
12/09/2017,03:46:00,126.7969,126.8125,126.7969,126.8125,740
12/09/2017,03:47:00,126.8125,126.8125,126.7969,126.8125,372
12/09/2017,03:48:00,126.7969,126.8125,126.7969,126.8125,385
12/09/2017,03:49:00,126.8125,126.8125,126.7969,126.7969,20
12/09/2017,03:50:00,126.7969,126.8125,126.7969,126.8125,18
12/09/2017,03:51:00,126.7969,126.8125,126.7969,126.8125,932
12/09/2017,03:52:00,126.7969,126.8125,126.7969,126.8125,207
12/09/2017,03:53:00,126.7969,126.8125,126.7969,126.7969,88
12/09/2017,03:54:00,126.7969,126.8125,126.7969,126.8125,12
12/09/2017,03:55:00,126.7969,126.8125,126.7969,126.8125,3489
12/09/2017,03:56:00,126.8125,126.8281,126.8125,126.8281,592
12/09/2017,03:57:00,126.8125,126.8281,126.7969,126.8125,1380
12/09/2017,03:58:00,126.8125,126.8125,126.7969,126.7969,831
12/09/2017,03:59:00,126.7969,126.8125,126.7969,126.8125,1692
12/09/2017,04:00:00,126.7969,126.8125,126.7969,126.8125,8
12/09/2017,04:01:00,126.7969,126.7969,126.7813,126.7813,651
12/09/2017,04:02:00,126.7969,126.7969,126.7813,126.7813,706
12/09/2017,04:03:00,126.7969,126.7969,126.7969,126.7969,1
12/09/2017,04:04:00,126.7813,126.7969,126.7813,126.7969,2563
12/09/2017,04:05:00,126.7969,126.8125,126.7969,126.8125,334
12/09/2017,04:06:00,126.7969,126.8125,126.7969,126.7969,898
12/09/2017,04:07:00,126.7969,126.7969,126.7813,126.7969,481
12/09/2017,04:08:00,126.7969,126.7969,126.7969,126.7969,326
12/09/2017,04:09:00,126.7969,126.7969,126.7969,126.7969,255
12/09/2017,04:10:00,126.7813,126.7969,126.7813,126.7969,9
12/09/2017,04:11:00,126.7813,126.7969,126.7813,126.7969,30
12/09/2017,04:12:00,126.7813,126.7969,126.7813,126.7969,2244
12/09/2017,04:13:00,126.7969,126.7969,126.7813,126.7969,73
12/09/2017,04:14:00,126.7813,126.7969,126.7813,126.7813,506
12/09/2017,04:15:00,126.7813,126.7969,126.7813,126.7969,77
12/09/2017,04:16:00,126.7813,126.7813,126.7656,126.7656,722
12/09/2017,04:17:00,126.7656,126.7813,126.7656,126.7813,31
12/09/2017,04:18:00,126.7656,126.7813,126.7656,126.7813,509
12/09/2017,04:19:00,126.7656,126.7813,126.7656,126.7813,833
12/09/2017,04:20:00,126.7656,126.7813,126.7656,126.7813,179
12/09/2017,04:21:00,126.7813,126.7813,126.7656,126.7813,1190
12/09/2017,04:22:00,126.7813,126.7969,126.7656,126.7969,2802
12/09/2017,04:23:00,126.7969,126.7969,126.7813,126.7969,107
12/09/2017,04:24:00,126.7813,126.7969,126.7813,126.7969,19
12/09/2017,04:25:00,126.7813,126.7969,126.7656,126.7656,2268
12/09/2017,04:26:00,126.7813,126.7813,126.7656,126.7813,1127
12/09/2017,04:27:00,126.7813,126.7813,126.7813,126.7813,263
12/09/2017,04:28:00,126.7813,126.7813,126.7813,126.7813,1013
12/09/2017,04:29:00,126.7813,126.7969,126.7813,126.7969,48
12/09/2017,04:30:00,126.7969,126.7969,126.7813,126.7813,14
12/09/2017,04:31:00,126.7969,126.7969,126.7813,126.7813,41
12/09/2017,04:32:00,126.7969,126.7969,126.7813,126.7969,1014
12/09/2017,04:33:00,126.7969,126.7969,126.7656,126.7813,1356
12/09/2017,04:34:00,126.7813,126.7813,126.7813,126.7813,1066
12/09/2017,04:35:00,126.7813,126.7813,126.7656,126.7813,255
12/09/2017,04:36:00,126.7656,126.7813,126.7656,126.7813,913
12/09/2017,04:37:00,126.7813,126.7813,126.7656,126.7813,302
12/09/2017,04:38:00,126.7813,126.7813,126.7656,126.7813,92
12/09/2017,04:39:00,126.7813,126.7969,126.7813,126.7969,255
12/09/2017,04:40:00,126.7813,126.7969,126.7813,126.7813,624
12/09/2017,04:41:00,126.7813,126.7813,126.7656,126.7813,235
12/09/2017,04:42:00,126.7813,126.7813,126.7656,126.7813,243
12/09/2017,04:43:00,126.7813,126.7813,126.7813,126.7813,515
12/09/2017,04:44:00,126.7969,126.7969,126.7813,126.7969,48
12/09/2017,04:45:00,126.7969,126.7969,126.7969,126.7969,328
12/09/2017,04:46:00,126.7969,126.7969,126.7813,126.7969,28
12/09/2017,04:47:00,126.7813,126.7969,126.7813,126.7969,73
12/09/2017,04:48:00,126.7969,126.7969,126.7813,126.7813,1154
12/09/2017,04:49:00,126.7813,126.7969,126.7813,126.7969,69
12/09/2017,04:50:00,126.7813,126.7969,126.7813,126.7813,17
12/09/2017,04:51:00,126.7813,126.7969,126.7813,126.7969,17
12/09/2017,04:52:00,126.7969,126.7969,126.7813,126.7813,69
12/09/2017,04:53:00,126.7813,126.7813,126.7813,126.7813,895
12/09/2017,04:54:00,126.7813,126.7969,126.7813,126.7813,80
12/09/2017,04:55:00,126.7813,126.7969,126.7813,126.7969,5
12/09/2017,04:56:00,126.7969,126.7969,126.7813,126.7969,110
12/09/2017,04:57:00,126.7969,126.7969,126.7813,126.7813,350
12/09/2017,04:58:00,126.7969,126.7969,126.7813,126.7813,1256
12/09/2017,04:59:00,126.7813,126.7813,126.7656,126.7656,1439
12/09/2017,05:00:00,126.7656,126.7813,126.7656,126.7813,321
12/09/2017,05:01:00,126.7813,126.7813,126.7813,126.7813,1
12/09/2017,05:02:00,126.7656,126.7813,126.7656,126.7813,33
12/09/2017,05:03:00,126.7656,126.7656,126.7344,126.7344,3741
12/09/2017,05:04:00,126.7344,126.75,126.7344,126.75,404
12/09/2017,05:05:00,126.75,126.75,126.7344,126.75,319
12/09/2017,05:06:00,126.75,126.7656,126.7344,126.7656,910
12/09/2017,05:07:00,126.75,126.7656,126.75,126.7656,152
12/09/2017,05:08:00,126.7656,126.7656,126.7656,126.7656,376
12/09/2017,05:10:00,126.7656,126.7656,126.7656,126.7656,30
12/09/2017,05:11:00,126.75,126.7656,126.75,126.75,18
12/09/2017,05:12:00,126.75,126.7656,126.75,126.75,28
12/09/2017,05:13:00,126.75,126.75,126.75,126.75,2
12/09/2017,05:14:00,126.75,126.7656,126.75,126.7656,108
12/09/2017,05:15:00,126.75,126.75,126.75,126.75,23
12/09/2017,05:16:00,126.7656,126.7656,126.75,126.75,214
12/09/2017,05:17:00,126.7656,126.7656,126.7656,126.7656,821
12/09/2017,05:18:00,126.7813,126.7813,126.7813,126.7813,845
12/09/2017,05:19:00,126.7969,126.7969,126.7813,126.7969,961
12/09/2017,05:20:00,126.7813,126.7813,126.7813,126.7813,21
12/09/2017,05:21:00,126.7813,126.7813,126.7656,126.7656,670
12/09/2017,05:22:00,126.7813,126.7813,126.7813,126.7813,565
12/09/2017,05:23:00,126.7656,126.7813,126.7656,126.7656,388
12/09/2017,05:24:00,126.7656,126.7813,126.7656,126.7813,17
12/09/2017,05:25:00,126.7813,126.7813,126.7656,126.7813,88
12/09/2017,05:26:00,126.7656,126.7813,126.7656,126.7813,1722
12/09/2017,05:27:00,126.7813,126.7813,126.7813,126.7813,1
12/09/2017,05:28:00,126.7656,126.7813,126.7656,126.7656,5
12/09/2017,05:29:00,126.7656,126.7813,126.7656,126.7813,4
12/09/2017,05:30:00,126.7656,126.7813,126.7656,126.7656,4
12/09/2017,05:31:00,126.7656,126.7813,126.7656,126.7813,10
12/09/2017,05:32:00,126.7656,126.7813,126.75,126.7656,2880
12/09/2017,05:33:00,126.75,126.7656,126.75,126.7656,102
12/09/2017,05:34:00,126.7656,126.7656,126.75,126.75,94
12/09/2017,05:35:00,126.7656,126.7656,126.75,126.75,17
12/09/2017,05:36:00,126.75,126.75,126.75,126.75,3
12/09/2017,05:37:00,126.75,126.75,126.75,126.75,314
12/09/2017,05:38:00,126.75,126.75,126.75,126.75,92
12/09/2017,05:39:00,126.75,126.7656,126.75,126.75,1136
12/09/2017,05:40:00,126.75,126.75,126.7344,126.7344,2093
12/09/2017,05:41:00,126.7344,126.7344,126.7031,126.7031,6595
12/09/2017,05:42:00,126.7188,126.7188,126.7031,126.7031,160
12/09/2017,05:43:00,126.7031,126.7188,126.7031,126.7188,174
12/09/2017,05:44:00,126.7031,126.7188,126.7031,126.7031,243
12/09/2017,05:45:00,126.7188,126.7188,126.7031,126.7188,2004
12/09/2017,05:46:00,126.7188,126.7188,126.7188,126.7188,2
12/09/2017,05:47:00,126.7188,126.7188,126.6875,126.7031,11025
12/09/2017,05:48:00,126.7031,126.7188,126.6875,126.7188,6109
12/09/2017,05:49:00,126.7188,126.7188,126.7031,126.7188,2734
12/09/2017,05:50:00,126.7344,126.7344,126.7344,126.7344,307
12/09/2017,05:51:00,126.7344,126.7344,126.7344,126.7344,1288
12/09/2017,05:52:00,126.7344,126.7344,126.7188,126.7344,1362
12/09/2017,05:53:00,126.7344,126.7344,126.7344,126.7344,6
12/09/2017,05:54:00,126.7344,126.7344,126.7188,126.7188,1726
12/09/2017,05:55:00,126.7188,126.7188,126.7188,126.7188,76
12/09/2017,05:56:00,126.7188,126.7188,126.7031,126.7031,1125
12/09/2017,05:57:00,126.7031,126.7188,126.7031,126.7188,528
12/09/2017,05:58:00,126.7188,126.7188,126.7188,126.7188,1126
12/09/2017,05:59:00,126.7188,126.7344,126.7188,126.7344,506
12/09/2017,06:00:00,126.7188,126.7344,126.7188,126.7188,316
12/09/2017,06:01:00,126.7344,126.7344,126.7031,126.7031,1711
12/09/2017,06:02:00,126.7188,126.7188,126.7031,126.7188,226
12/09/2017,06:03:00,126.7188,126.7344,126.7031,126.7188,1239
12/09/2017,06:04:00,126.7188,126.7344,126.7188,126.7188,173
12/09/2017,06:05:00,126.7344,126.7344,126.7344,126.7344,98
12/09/2017,06:06:00,126.7188,126.7344,126.7188,126.7344,44
12/09/2017,06:07:00,126.7344,126.7344,126.7188,126.7188,177
12/09/2017,06:08:00,126.7344,126.75,126.7344,126.75,1140
12/09/2017,06:09:00,126.75,126.75,126.75,126.75,671
12/09/2017,06:10:00,126.75,126.7656,126.75,126.7656,578
12/09/2017,06:11:00,126.7656,126.7656,126.75,126.7656,827
12/09/2017,06:12:00,126.7656,126.7656,126.75,126.7656,391
12/09/2017,06:13:00,126.7656,126.7656,126.75,126.7656,142
12/09/2017,06:14:00,126.7656,126.7656,126.75,126.7656,128
12/09/2017,06:15:00,126.7656,126.7656,126.75,126.7656,2331
12/09/2017,06:16:00,126.75,126.7656,126.75,126.75,93
12/09/2017,06:17:00,126.75,126.75,126.7344,126.75,1655
12/09/2017,06:18:00,126.7344,126.7344,126.7188,126.7188,1579
12/09/2017,06:19:00,126.7344,126.7344,126.7188,126.7344,63
12/09/2017,06:20:00,126.7344,126.7344,126.7344,126.7344,39
12/09/2017,06:21:00,126.7344,126.7344,126.7188,126.7344,1696
12/09/2017,06:22:00,126.7344,126.7344,126.7188,126.7344,186
12/09/2017,06:23:00,126.7344,126.7344,126.7188,126.7188,418
12/09/2017,06:24:00,126.7344,126.7344,126.7188,126.7188,306
12/09/2017,06:25:00,126.7188,126.7344,126.7188,126.7188,53
12/09/2017,06:26:00,126.7344,126.75,126.7344,126.75,2165
12/09/2017,06:27:00,126.7344,126.75,126.7344,126.7344,4233
12/09/2017,06:28:00,126.7344,126.75,126.7344,126.75,385
12/09/2017,06:29:00,126.75,126.75,126.75,126.75,48
12/09/2017,06:30:00,126.75,126.75,126.7344,126.7344,48
12/09/2017,06:31:00,126.75,126.75,126.7344,126.75,251
12/09/2017,06:32:00,126.75,126.75,126.75,126.75,320
12/09/2017,06:33:00,126.75,126.75,126.75,126.75,75
12/09/2017,06:34:00,126.75,126.75,126.75,126.75,220
12/09/2017,06:35:00,126.75,126.75,126.7344,126.75,4887
12/09/2017,06:36:00,126.7344,126.7344,126.7344,126.7344,1187
12/09/2017,06:37:00,126.7344,126.7344,126.7344,126.7344,22
12/09/2017,06:38:00,126.7344,126.75,126.7344,126.75,2290
12/09/2017,06:39:00,126.75,126.75,126.75,126.75,39
12/09/2017,06:40:00,126.75,126.75,126.7344,126.75,1728
12/09/2017,06:41:00,126.75,126.75,126.75,126.75,47
12/09/2017,06:42:00,126.75,126.75,126.75,126.75,69
12/09/2017,06:43:00,126.75,126.75,126.75,126.75,457
12/09/2017,06:44:00,126.75,126.75,126.75,126.75,56
12/09/2017,06:45:00,126.75,126.75,126.7344,126.75,275
12/09/2017,06:46:00,126.75,126.75,126.75,126.75,34
12/09/2017,06:47:00,126.75,126.75,126.7344,126.75,49
12/09/2017,06:48:00,126.75,126.75,126.7344,126.75,648
12/09/2017,06:49:00,126.75,126.75,126.7344,126.7344,72
12/09/2017,06:50:00,126.75,126.75,126.75,126.75,942
12/09/2017,06:51:00,126.75,126.75,126.75,126.75,1035
12/09/2017,06:52:00,126.75,126.75,126.75,126.75,83
12/09/2017,06:53:00,126.75,126.75,126.75,126.75,62
12/09/2017,06:54:00,126.75,126.75,126.7344,126.75,305
12/09/2017,06:55:00,126.75,126.75,126.7344,126.75,454
12/09/2017,06:56:00,126.75,126.75,126.7344,126.75,222
12/09/2017,06:57:00,126.75,126.75,126.7344,126.75,72
12/09/2017,06:58:00,126.75,126.75,126.75,126.75,187
12/09/2017,06:59:00,126.75,126.75,126.7344,126.7344,376
12/09/2017,07:00:00,126.75,126.7656,126.7344,126.7656,1836
12/09/2017,07:01:00,126.7656,126.7813,126.7656,126.7813,1630
12/09/2017,07:02:00,126.7813,126.7969,126.7813,126.7969,3301
12/09/2017,07:03:00,126.7813,126.7813,126.7813,126.7813,2640
12/09/2017,07:04:00,126.7813,126.7813,126.7656,126.7656,555
12/09/2017,07:05:00,126.7656,126.7656,126.7656,126.7656,2200
12/09/2017,07:06:00,126.7656,126.7813,126.7656,126.7813,86
12/09/2017,07:07:00,126.7813,126.7813,126.7656,126.7656,46
12/09/2017,07:08:00,126.7813,126.7813,126.7656,126.7656,182
12/09/2017,07:09:00,126.7813,126.7969,126.7813,126.7969,1651
12/09/2017,07:10:00,126.7813,126.7969,126.7813,126.7813,409
12/09/2017,07:11:00,126.7813,126.7969,126.7813,126.7969,117
12/09/2017,07:12:00,126.7969,126.7969,126.7813,126.7969,2540
12/09/2017,07:13:00,126.7969,126.7969,126.7813,126.7969,977
12/09/2017,07:14:00,126.7969,126.8125,126.7969,126.7969,1047
12/09/2017,07:15:00,126.7969,126.8125,126.7969,126.7969,180
12/09/2017,07:16:00,126.8125,126.8125,126.7969,126.7969,456
12/09/2017,07:17:00,126.8125,126.8125,126.8125,126.8125,2953
12/09/2017,07:18:00,126.8125,126.8125,126.7969,126.7969,148
12/09/2017,07:19:00,126.7969,126.8281,126.7969,126.8281,882
12/09/2017,07:20:00,126.8281,126.8281,126.8125,126.8125,284
12/09/2017,07:21:00,126.8125,126.8281,126.8125,126.8125,595
12/09/2017,07:22:00,126.8281,126.8281,126.8125,126.8125,5554
12/09/2017,07:23:00,126.8125,126.8281,126.7969,126.7969,3446
12/09/2017,07:24:00,126.8125,126.8125,126.7969,126.7969,74
12/09/2017,07:25:00,126.8125,126.8125,126.7969,126.7969,108
12/09/2017,07:26:00,126.7969,126.8125,126.7813,126.7969,3759
12/09/2017,07:27:00,126.7813,126.8125,126.7813,126.8125,2555
12/09/2017,07:28:00,126.7969,126.8281,126.7969,126.8281,1357
12/09/2017,07:29:00,126.8281,126.8438,126.8281,126.8438,2899
12/09/2017,07:30:00,126.8438,126.8438,126.8125,126.8125,1922
12/09/2017,07:31:00,126.8281,126.8281,126.8125,126.8281,422
12/09/2017,07:32:00,126.8125,126.8125,126.8125,126.8125,17
12/09/2017,07:33:00,126.8281,126.8281,126.7969,126.7969,1382
12/09/2017,07:34:00,126.7969,126.8125,126.7969,126.7969,312
12/09/2017,07:35:00,126.7969,126.7969,126.7813,126.7969,1257
12/09/2017,07:36:00,126.7969,126.7969,126.7656,126.7656,7295
12/09/2017,07:37:00,126.7656,126.7656,126.75,126.75,442
12/09/2017,07:38:00,126.75,126.75,126.7188,126.7188,7224
12/09/2017,07:39:00,126.7188,126.7344,126.7031,126.7188,5065
12/09/2017,07:40:00,126.7188,126.7344,126.7188,126.7188,276
12/09/2017,07:41:00,126.7188,126.7344,126.7188,126.7188,764
12/09/2017,07:42:00,126.7344,126.7344,126.7344,126.7344,3884
12/09/2017,07:43:00,126.7188,126.7344,126.7188,126.7344,1319
12/09/2017,07:44:00,126.7344,126.7344,126.7188,126.7344,165
12/09/2017,07:45:00,126.7344,126.7344,126.7344,126.7344,1084
12/09/2017,07:46:00,126.7344,126.7344,126.7188,126.7188,2331
12/09/2017,07:47:00,126.7344,126.7344,126.7188,126.7344,1982
12/09/2017,07:48:00,126.7344,126.75,126.7188,126.75,731
12/09/2017,07:49:00,126.75,126.75,126.7344,126.7344,70
12/09/2017,07:50:00,126.7344,126.75,126.7188,126.7188,5705
12/09/2017,07:51:00,126.7188,126.7188,126.7031,126.7188,6087
12/09/2017,07:52:00,126.7188,126.7188,126.6875,126.7031,7683
12/09/2017,07:53:00,126.7031,126.7188,126.7031,126.7188,1670
12/09/2017,07:54:00,126.7188,126.7188,126.6875,126.7031,5693
12/09/2017,07:55:00,126.7188,126.7188,126.6875,126.6875,1166
12/09/2017,07:56:00,126.6875,126.7031,126.6875,126.6875,178
12/09/2017,07:57:00,126.6875,126.6875,126.6719,126.6875,1213
12/09/2017,07:58:00,126.6719,126.7031,126.6719,126.6875,5813
12/09/2017,07:59:00,126.6875,126.7031,126.6719,126.7031,3536
12/09/2017,08:00:00,126.7188,126.7188,126.7031,126.7188,319
12/09/2017,08:01:00,126.7188,126.7188,126.6875,126.7031,1836
12/09/2017,08:02:00,126.6875,126.7188,126.6875,126.7188,3146
12/09/2017,08:03:00,126.7031,126.7188,126.7031,126.7188,54
12/09/2017,08:04:00,126.7188,126.7188,126.7031,126.7188,1131
12/09/2017,08:05:00,126.7188,126.7188,126.7031,126.7188,21
12/09/2017,08:06:00,126.7188,126.7188,126.7031,126.7031,319
12/09/2017,08:07:00,126.7031,126.7188,126.7031,126.7031,6705
12/09/2017,08:08:00,126.7031,126.7188,126.6875,126.6875,3834
12/09/2017,08:09:00,126.7031,126.7031,126.6875,126.7031,1358
12/09/2017,08:10:00,126.7031,126.7031,126.6875,126.7031,43
12/09/2017,08:11:00,126.7031,126.7031,126.7031,126.7031,478
12/09/2017,08:12:00,126.6875,126.7031,126.6875,126.6875,40
12/09/2017,08:13:00,126.7031,126.7031,126.6875,126.7031,36
12/09/2017,08:14:00,126.6875,126.7188,126.6875,126.7031,2463
12/09/2017,08:15:00,126.7031,126.7031,126.6719,126.6719,2689
12/09/2017,08:16:00,126.6719,126.6719,126.6719,126.6719,1773
12/09/2017,08:17:00,126.6719,126.6875,126.6719,126.6719,327
12/09/2017,08:18:00,126.6875,126.6875,126.6719,126.6875,4425
12/09/2017,08:19:00,126.7031,126.7031,126.6875,126.7031,357
12/09/2017,08:20:00,126.6875,126.7188,126.6875,126.7031,4153
12/09/2017,08:21:00,126.7188,126.7188,126.7031,126.7031,3099
12/09/2017,08:22:00,126.7031,126.7188,126.7031,126.7031,103
12/09/2017,08:23:00,126.7188,126.7344,126.7031,126.7188,2100
12/09/2017,08:24:00,126.7344,126.7344,126.7188,126.7188,401
12/09/2017,08:25:00,126.7344,126.7344,126.7188,126.7344,917
12/09/2017,08:26:00,126.7188,126.7188,126.7188,126.7188,76
12/09/2017,08:27:00,126.7344,126.7344,126.7188,126.7188,57
12/09/2017,08:28:00,126.7344,126.7344,126.7188,126.7188,102
12/09/2017,08:29:00,126.7344,126.7344,126.7188,126.7188,80
12/09/2017,08:30:00,126.7344,126.75,126.7188,126.7344,3802
12/09/2017,08:31:00,126.7188,126.7344,126.7188,126.7344,27
12/09/2017,08:32:00,126.7344,126.7344,126.7031,126.7188,2344
12/09/2017,08:33:00,126.7188,126.7344,126.7031,126.7344,1761
12/09/2017,08:34:00,126.7188,126.7344,126.7031,126.7031,4652
12/09/2017,08:35:00,126.7031,126.7188,126.7031,126.7031,2169
12/09/2017,08:36:00,126.7031,126.7031,126.6875,126.6875,343
12/09/2017,08:37:00,126.6875,126.7031,126.6875,126.6875,38
12/09/2017,08:38:00,126.7031,126.7031,126.6875,126.6875,122
12/09/2017,08:39:00,126.6875,126.7031,126.6719,126.6875,1522
12/09/2017,08:40:00,126.6719,126.6875,126.6563,126.6719,9088
12/09/2017,08:41:00,126.6719,126.6875,126.6719,126.6719,2000
12/09/2017,08:42:00,126.6719,126.7031,126.6719,126.6875,5348
12/09/2017,08:43:00,126.6875,126.6875,126.6875,126.6875,2834
12/09/2017,08:44:00,126.6875,126.7031,126.6719,126.6875,2960
12/09/2017,08:45:00,126.6875,126.6875,126.6719,126.6719,2318
12/09/2017,08:46:00,126.6719,126.6875,126.6563,126.6719,3352
12/09/2017,08:47:00,126.6719,126.6875,126.6719,126.6875,1448
12/09/2017,08:48:00,126.6719,126.6875,126.6563,126.6563,1299
12/09/2017,08:49:00,126.6563,126.6719,126.6563,126.6563,1216
12/09/2017,08:50:00,126.6563,126.6719,126.6406,126.6406,5145
12/09/2017,08:51:00,126.6406,126.6563,126.6406,126.6406,2412
12/09/2017,08:52:00,126.6406,126.6563,126.6406,126.6563,1391
12/09/2017,08:53:00,126.6563,126.6563,126.6406,126.6406,1149
12/09/2017,08:54:00,126.6563,126.6563,126.6406,126.6563,1397
12/09/2017,08:55:00,126.6563,126.6563,126.6406,126.6406,87
12/09/2017,08:56:00,126.6563,126.6563,126.6406,126.6406,4923
12/09/2017,08:57:00,126.6406,126.6563,126.625,126.6563,5037
12/09/2017,08:58:00,126.6563,126.6719,126.6406,126.6719,3540
12/09/2017,08:59:00,126.6563,126.6719,126.6563,126.6563,546
12/09/2017,09:00:00,126.6563,126.6719,126.6563,126.6719,198
12/09/2017,09:01:00,126.6563,126.6719,126.6563,126.6719,208
12/09/2017,09:02:00,126.6563,126.6719,126.6563,126.6563,541
12/09/2017,09:03:00,126.6563,126.6875,126.6563,126.6719,3089
12/09/2017,09:04:00,126.6719,126.6875,126.6563,126.6719,2317
12/09/2017,09:05:00,126.6563,126.6875,126.6563,126.6875,2104
12/09/2017,09:06:00,126.6719,126.6875,126.6563,126.6563,2322
12/09/2017,09:07:00,126.6563,126.6719,126.6406,126.6719,2570
12/09/2017,09:08:00,126.6563,126.6719,126.6563,126.6719,188
12/09/2017,09:09:00,126.6719,126.6719,126.6406,126.6406,2074
12/09/2017,09:10:00,126.6406,126.6719,126.6406,126.6719,2409
12/09/2017,09:11:00,126.6563,126.6719,126.6406,126.6406,1965
12/09/2017,09:12:00,126.6406,126.6563,126.6406,126.6406,467
12/09/2017,09:13:00,126.6406,126.6563,126.6406,126.6406,313
12/09/2017,09:14:00,126.6406,126.6563,126.6406,126.6406,1206
12/09/2017,09:15:00,126.6406,126.6719,126.6406,126.6563,2373
12/09/2017,09:16:00,126.6406,126.6719,126.6406,126.6719,892
12/09/2017,09:17:00,126.6719,126.6719,126.6563,126.6563,853
12/09/2017,09:18:00,126.6563,126.7031,126.6563,126.6875,5528
12/09/2017,09:19:00,126.6875,126.6875,126.6719,126.6875,2893
12/09/2017,09:20:00,126.6875,126.7031,126.6875,126.6875,2533
12/09/2017,09:21:00,126.6875,126.7031,126.6875,126.7031,3678
12/09/2017,09:22:00,126.7031,126.7188,126.7031,126.7188,1600
12/09/2017,09:23:00,126.7031,126.7188,126.7031,126.7031,2157
12/09/2017,09:24:00,126.7031,126.7188,126.6875,126.7031,1170
12/09/2017,09:25:00,126.6875,126.7031,126.6875,126.6875,2140
12/09/2017,09:26:00,126.6875,126.7031,126.6875,126.6875,1890
12/09/2017,09:27:00,126.6875,126.6875,126.6719,126.6875,1209
12/09/2017,09:28:00,126.6719,126.7031,126.6719,126.6875,1800
12/09/2017,09:29:00,126.6875,126.6875,126.6719,126.6875,3519
12/09/2017,09:30:00,126.6875,126.7031,126.6719,126.6875,1964
12/09/2017,09:31:00,126.6875,126.7031,126.6719,126.6875,982
12/09/2017,09:32:00,126.6875,126.6875,126.6719,126.6719,2274
12/09/2017,09:33:00,126.6719,126.6875,126.6719,126.6875,214
12/09/2017,09:34:00,126.6875,126.6875,126.6719,126.6719,1685
12/09/2017,09:35:00,126.6875,126.6875,126.6719,126.6875,160
12/09/2017,09:36:00,126.6875,126.6875,126.6719,126.6875,79
12/09/2017,09:37:00,126.6875,126.6875,126.6719,126.6875,36
12/09/2017,09:38:00,126.6875,126.6875,126.6719,126.6719,674
12/09/2017,09:39:00,126.6875,126.6875,126.6563,126.6563,589
12/09/2017,09:40:00,126.6719,126.6875,126.6719,126.6875,4188
12/09/2017,09:41:00,126.6875,126.6875,126.6719,126.6875,379
12/09/2017,09:42:00,126.6875,126.6875,126.6719,126.6719,2076
12/09/2017,09:43:00,126.6875,126.6875,126.6719,126.6719,1198
12/09/2017,09:44:00,126.6875,126.6875,126.6719,126.6719,1211
12/09/2017,09:45:00,126.6719,126.6719,126.6563,126.6563,2274
12/09/2017,09:46:00,126.6719,126.6719,126.6563,126.6719,2591
12/09/2017,09:47:00,126.6875,126.6875,126.6719,126.6719,81
12/09/2017,09:48:00,126.6875,126.7031,126.6719,126.6719,6017
12/09/2017,09:49:00,126.6719,126.6719,126.6563,126.6719,2052
12/09/2017,09:50:00,126.6875,126.6875,126.6719,126.6719,229
12/09/2017,09:51:00,126.6875,126.6875,126.6719,126.6719,172
12/09/2017,09:52:00,126.6875,126.6875,126.6719,126.6719,198
12/09/2017,09:53:00,126.6875,126.6875,126.6563,126.6563,3437
12/09/2017,09:54:00,126.6563,126.6719,126.6563,126.6719,1061
12/09/2017,09:55:00,126.6719,126.6719,126.6563,126.6563,807
12/09/2017,09:56:00,126.6563,126.6719,126.6563,126.6719,7765
12/09/2017,09:57:00,126.6719,126.6719,126.6563,126.6719,1574
12/09/2017,09:58:00,126.6875,126.6875,126.6563,126.6719,2770
12/09/2017,09:59:00,126.6719,126.6719,126.6563,126.6563,266
12/09/2017,10:00:00,126.6563,126.6719,126.6563,126.6563,347
12/09/2017,10:01:00,126.6563,126.6719,126.6563,126.6719,2805
12/09/2017,10:02:00,126.6719,126.6719,126.6719,126.6719,1814
12/09/2017,10:03:00,126.6719,126.6875,126.6563,126.6563,2187
12/09/2017,10:04:00,126.6719,126.6719,126.6563,126.6563,82
12/09/2017,10:05:00,126.6563,126.6719,126.6563,126.6719,432
12/09/2017,10:06:00,126.6563,126.6719,126.6563,126.6563,7328
12/09/2017,10:07:00,126.6563,126.6719,126.6406,126.6563,5231
12/09/2017,10:08:00,126.6563,126.6719,126.6563,126.6563,2971
12/09/2017,10:09:00,126.6563,126.6719,126.6563,126.6563,4906
12/09/2017,10:10:00,126.6719,126.6719,126.6563,126.6563,1882
12/09/2017,10:11:00,126.6563,126.6719,126.6406,126.6406,619
12/09/2017,10:12:00,126.6406,126.6563,126.6406,126.6563,219
12/09/2017,10:13:00,126.6563,126.6563,126.6406,126.6406,734
12/09/2017,10:14:00,126.6406,126.6563,126.625,126.625,1990
12/09/2017,10:15:00,126.625,126.6406,126.625,126.6406,788
12/09/2017,10:16:00,126.625,126.6406,126.625,126.625,203
12/09/2017,10:17:00,126.625,126.6406,126.625,126.625,212
12/09/2017,10:18:00,126.6406,126.6406,126.625,126.625,370
12/09/2017,10:19:00,126.625,126.6563,126.625,126.6563,1681
12/09/2017,10:20:00,126.6563,126.6563,126.6406,126.6563,201
12/09/2017,10:21:00,126.6563,126.6563,126.6406,126.6406,168
12/09/2017,10:22:00,126.6406,126.6563,126.6406,126.6563,126
12/09/2017,10:23:00,126.6406,126.6563,126.625,126.625,2942
12/09/2017,10:24:00,126.625,126.6406,126.625,126.625,369
12/09/2017,10:25:00,126.625,126.6406,126.625,126.625,5936
12/09/2017,10:26:00,126.625,126.625,126.6094,126.6094,2235
12/09/2017,10:27:00,126.6094,126.6406,126.6094,126.625,4919
12/09/2017,10:28:00,126.625,126.625,126.6094,126.625,887
12/09/2017,10:29:00,126.6094,126.625,126.6094,126.625,441
12/09/2017,10:30:00,126.6094,126.625,126.6094,126.6094,1101
12/09/2017,10:31:00,126.6094,126.625,126.6094,126.625,133
12/09/2017,10:32:00,126.625,126.625,126.6094,126.6094,99
12/09/2017,10:33:00,126.6094,126.625,126.6094,126.6094,85
12/09/2017,10:34:00,126.625,126.625,126.6094,126.625,219
12/09/2017,10:35:00,126.625,126.625,126.6094,126.6094,3376
12/09/2017,10:36:00,126.6094,126.625,126.6094,126.6094,2368
12/09/2017,10:37:00,126.6094,126.6094,126.5938,126.6094,2373
12/09/2017,10:38:00,126.5938,126.6094,126.5938,126.5938,5617
12/09/2017,10:39:00,126.5938,126.625,126.5938,126.625,3290
12/09/2017,10:40:00,126.625,126.6406,126.625,126.625,4431
12/09/2017,10:41:00,126.6094,126.625,126.6094,126.625,448
12/09/2017,10:42:00,126.6094,126.625,126.6094,126.6094,57
12/09/2017,10:43:00,126.6094,126.6406,126.6094,126.6406,1914
12/09/2017,10:44:00,126.6406,126.6406,126.625,126.625,1263
12/09/2017,10:45:00,126.625,126.625,126.6094,126.6094,2439
12/09/2017,10:46:00,126.6094,126.625,126.5938,126.6094,7467
12/09/2017,10:47:00,126.6094,126.6094,126.6094,126.6094,2763
12/09/2017,10:48:00,126.6094,126.625,126.5938,126.625,1592
12/09/2017,10:49:00,126.625,126.625,126.6094,126.625,485
12/09/2017,10:50:00,126.625,126.625,126.6094,126.625,213
12/09/2017,10:51:00,126.625,126.6406,126.6094,126.6406,2685
12/09/2017,10:52:00,126.6406,126.6406,126.6406,126.6406,1680
12/09/2017,10:53:00,126.6406,126.6406,126.625,126.6406,1607
12/09/2017,10:54:00,126.6406,126.6406,126.625,126.6406,457
12/09/2017,10:55:00,126.6406,126.6406,126.625,126.6406,319
12/09/2017,10:56:00,126.625,126.625,126.6094,126.6094,3733
12/09/2017,10:57:00,126.6094,126.625,126.6094,126.625,104
12/09/2017,10:58:00,126.6094,126.625,126.6094,126.6094,141
12/09/2017,10:59:00,126.6094,126.625,126.6094,126.6094,812
12/09/2017,11:00:00,126.6094,126.625,126.6094,126.625,117
12/09/2017,11:01:00,126.625,126.625,126.6094,126.6094,4457
12/09/2017,11:02:00,126.625,126.625,126.6094,126.625,1399
12/09/2017,11:03:00,126.625,126.625,126.6094,126.6094,60
12/09/2017,11:04:00,126.625,126.625,126.6094,126.625,147
12/09/2017,11:05:00,126.625,126.625,126.6094,126.6094,3398
12/09/2017,11:06:00,126.625,126.625,126.6094,126.625,106
12/09/2017,11:07:00,126.625,126.625,126.6094,126.625,317
12/09/2017,11:08:00,126.625,126.625,126.6094,126.625,64
12/09/2017,11:09:00,126.625,126.625,126.6094,126.625,82
12/09/2017,11:10:00,126.625,126.625,126.6094,126.625,92
12/09/2017,11:11:00,126.625,126.625,126.6094,126.625,88
12/09/2017,11:12:00,126.625,126.625,126.5938,126.5938,5391
12/09/2017,11:13:00,126.6094,126.6094,126.5938,126.6094,270
12/09/2017,11:14:00,126.6094,126.6094,126.5938,126.5938,1908
12/09/2017,11:15:00,126.6094,126.6094,126.5938,126.6094,61
12/09/2017,11:16:00,126.6094,126.6094,126.5938,126.6094,97
12/09/2017,11:17:00,126.6094,126.6094,126.5938,126.5938,93
12/09/2017,11:18:00,126.6094,126.6094,126.5938,126.5938,1218
12/09/2017,11:19:00,126.6094,126.6094,126.5781,126.5938,4999
12/09/2017,11:20:00,126.5938,126.5938,126.5781,126.5938,202
12/09/2017,11:21:00,126.5781,126.5938,126.5781,126.5781,235
12/09/2017,11:22:00,126.5938,126.5938,126.5781,126.5938,308
12/09/2017,11:23:00,126.5938,126.5938,126.5781,126.5938,125
12/09/2017,11:24:00,126.5938,126.5938,126.5781,126.5938,219
12/09/2017,11:25:00,126.5938,126.5938,126.5781,126.5781,5845
12/09/2017,11:26:00,126.5781,126.5938,126.5781,126.5938,682
12/09/2017,11:27:00,126.5938,126.5938,126.5781,126.5938,301
12/09/2017,11:28:00,126.5938,126.5938,126.5781,126.5781,484
12/09/2017,11:29:00,126.5938,126.5938,126.5781,126.5938,282
12/09/2017,11:30:00,126.5938,126.5938,126.5781,126.5938,200
12/09/2017,11:31:00,126.5938,126.5938,126.5781,126.5781,324
12/09/2017,11:32:00,126.5938,126.5938,126.5781,126.5938,72
12/09/2017,11:33:00,126.5938,126.5938,126.5781,126.5938,585
12/09/2017,11:34:00,126.5938,126.5938,126.5781,126.5938,245
12/09/2017,11:35:00,126.5938,126.6094,126.5781,126.6094,4007
12/09/2017,11:36:00,126.6094,126.625,126.5938,126.625,3506
12/09/2017,11:37:00,126.625,126.625,126.6094,126.6094,1052
12/09/2017,11:38:00,126.625,126.625,126.6094,126.6094,260
12/09/2017,11:39:00,126.6094,126.625,126.6094,126.6094,858
12/09/2017,11:40:00,126.625,126.625,126.6094,126.6094,426
12/09/2017,11:41:00,126.625,126.625,126.6094,126.6094,2375
12/09/2017,11:42:00,126.625,126.625,126.6094,126.6094,253
12/09/2017,11:43:00,126.6094,126.6563,126.6094,126.625,9918
12/09/2017,11:44:00,126.625,126.6406,126.625,126.625,144
12/09/2017,11:45:00,126.6406,126.6406,126.625,126.6406,3116
12/09/2017,11:46:00,126.6406,126.6406,126.625,126.6406,1529
12/09/2017,11:47:00,126.6563,126.6563,126.6406,126.6406,8320
12/09/2017,11:48:00,126.6406,126.6563,126.625,126.6406,1788
12/09/2017,11:49:00,126.6563,126.6563,126.6406,126.6406,294
12/09/2017,11:50:00,126.6406,126.6563,126.6406,126.6406,1541
12/09/2017,11:51:00,126.625,126.6406,126.625,126.625,1440
12/09/2017,11:52:00,126.625,126.6563,126.625,126.6406,1850
12/09/2017,11:53:00,126.6406,126.6563,126.6406,126.6406,239
12/09/2017,11:54:00,126.6406,126.6563,126.6406,126.6406,456
12/09/2017,11:55:00,126.6563,126.6563,126.6406,126.6563,1833
12/09/2017,11:56:00,126.6406,126.6563,126.6406,126.6406,704
12/09/2017,11:57:00,126.6406,126.6563,126.6406,126.6406,3604
12/09/2017,11:58:00,126.6563,126.6563,126.6406,126.6406,1723
12/09/2017,11:59:00,126.6563,126.6563,126.625,126.6563,1734
12/09/2017,12:00:00,126.6406,126.6563,126.625,126.6406,1901
12/09/2017,12:01:00,126.625,126.6563,126.5781,126.5938,4608
12/09/2017,12:02:00,126.5938,126.5938,126.5625,126.5938,8475
12/09/2017,12:03:00,126.5781,126.5781,126.5625,126.5781,3204
12/09/2017,12:04:00,126.5781,126.5938,126.5781,126.5781,4121
12/09/2017,12:05:00,126.5781,126.5938,126.5625,126.5625,2786
12/09/2017,12:06:00,126.5625,126.5781,126.5625,126.5625,7271
12/09/2017,12:07:00,126.5781,126.5781,126.5781,126.5781,1711
12/09/2017,12:08:00,126.5781,126.5938,126.5781,126.5938,2289
12/09/2017,12:09:00,126.5938,126.5938,126.5938,126.5938,95
12/09/2017,12:10:00,126.5938,126.6094,126.5938,126.6094,2366
12/09/2017,12:11:00,126.6094,126.625,126.6094,126.625,1193
12/09/2017,12:12:00,126.6094,126.625,126.6094,126.625,876
12/09/2017,12:13:00,126.6094,126.625,126.6094,126.625,935
12/09/2017,12:14:00,126.6094,126.625,126.6094,126.6094,19
12/09/2017,12:15:00,126.6094,126.625,126.6094,126.6094,250
12/09/2017,12:16:00,126.6094,126.6406,126.6094,126.6406,1486
12/09/2017,12:17:00,126.625,126.6406,126.625,126.6406,3330
12/09/2017,12:18:00,126.625,126.6406,126.625,126.6406,2793
12/09/2017,12:19:00,126.6406,126.6406,126.625,126.625,75
12/09/2017,12:20:00,126.625,126.625,126.6094,126.625,2119
12/09/2017,12:21:00,126.625,126.625,126.6094,126.625,307
12/09/2017,12:22:00,126.6094,126.625,126.6094,126.6094,262
12/09/2017,12:23:00,126.6094,126.625,126.5938,126.6094,3968
12/09/2017,12:24:00,126.6094,126.625,126.6094,126.6094,453
12/09/2017,12:25:00,126.6094,126.6094,126.5938,126.5938,851
12/09/2017,12:26:00,126.6094,126.6094,126.5938,126.6094,37
12/09/2017,12:27:00,126.6094,126.6094,126.5938,126.5938,509
12/09/2017,12:28:00,126.5938,126.6094,126.5938,126.6094,2363
12/09/2017,12:29:00,126.6094,126.6094,126.5938,126.6094,215
12/09/2017,12:30:00,126.5938,126.5938,126.5781,126.5781,1314
12/09/2017,12:31:00,126.5781,126.5781,126.5781,126.5781,2709
12/09/2017,12:32:00,126.5781,126.5781,126.5625,126.5781,2309
12/09/2017,12:33:00,126.5781,126.5781,126.5625,126.5781,639
12/09/2017,12:34:00,126.5781,126.5938,126.5781,126.5938,176
12/09/2017,12:35:00,126.5938,126.5938,126.5781,126.5938,2863
12/09/2017,12:36:00,126.5938,126.6094,126.5938,126.6094,634
12/09/2017,12:37:00,126.5938,126.5938,126.5781,126.5938,1470
12/09/2017,12:38:00,126.5938,126.6094,126.5938,126.6094,401
12/09/2017,12:39:00,126.6094,126.6094,126.6094,126.6094,506
12/09/2017,12:40:00,126.5938,126.6094,126.5938,126.6094,58
12/09/2017,12:41:00,126.6094,126.6094,126.5938,126.5938,143
12/09/2017,12:42:00,126.6094,126.6094,126.5938,126.5938,101
12/09/2017,12:43:00,126.6094,126.625,126.5938,126.625,3633
12/09/2017,12:44:00,126.625,126.6406,126.625,126.625,2655
12/09/2017,12:45:00,126.625,126.6406,126.625,126.625,297
12/09/2017,12:46:00,126.6406,126.6406,126.625,126.6406,603
12/09/2017,12:47:00,126.6406,126.6406,126.625,126.625,226
12/09/2017,12:48:00,126.6406,126.6406,126.625,126.625,143
12/09/2017,12:49:00,126.6406,126.6406,126.625,126.625,87
12/09/2017,12:50:00,126.625,126.6406,126.625,126.6406,64
12/09/2017,12:51:00,126.6406,126.6406,126.625,126.6406,33
12/09/2017,12:52:00,126.625,126.6406,126.625,126.6406,115
12/09/2017,12:53:00,126.625,126.6406,126.625,126.6406,284
12/09/2017,12:54:00,126.625,126.6406,126.625,126.625,139
12/09/2017,12:55:00,126.6406,126.6406,126.625,126.625,338
12/09/2017,12:56:00,126.6406,126.6406,126.625,126.625,6958
12/09/2017,12:57:00,126.625,126.625,126.625,126.625,55
12/09/2017,12:58:00,126.6406,126.6406,126.625,126.625,97
12/09/2017,12:59:00,126.6406,126.6406,126.625,126.6406,94
12/09/2017,13:00:00,126.6406,126.6406,126.625,126.625,229
12/09/2017,13:01:00,126.625,126.6406,126.625,126.6406,230
12/09/2017,13:02:00,126.625,126.6406,126.625,126.625,174
12/09/2017,13:03:00,126.625,126.6406,126.625,126.625,202
12/09/2017,13:04:00,126.6406,126.6406,126.625,126.6406,682
12/09/2017,13:05:00,126.625,126.6406,126.625,126.6406,2959
12/09/2017,13:06:00,126.6406,126.6563,126.6406,126.6406,40
12/09/2017,13:07:00,126.6406,126.6563,126.6406,126.6563,70
12/09/2017,13:08:00,126.6406,126.6563,126.6406,126.6563,140
12/09/2017,13:09:00,126.6406,126.6563,126.6406,126.6563,2563
12/09/2017,13:10:00,126.6563,126.6563,126.6563,126.6563,1840
12/09/2017,13:11:00,126.6406,126.6719,126.6406,126.6563,2274
12/09/2017,13:12:00,126.6563,126.6563,126.6563,126.6563,2426
12/09/2017,13:13:00,126.6563,126.6563,126.6563,126.6563,1327
12/09/2017,13:14:00,126.6563,126.6563,126.6563,126.6563,314
12/09/2017,13:15:00,126.6406,126.6563,126.6406,126.6406,48
12/09/2017,13:16:00,126.6563,126.6563,126.6563,126.6563,1678
12/09/2017,13:17:00,126.6563,126.6719,126.6563,126.6563,1713
12/09/2017,13:18:00,126.6563,126.6719,126.6563,126.6563,285
12/09/2017,13:19:00,126.6719,126.6719,126.6563,126.6719,223
12/09/2017,13:20:00,126.6719,126.6875,126.6563,126.6719,4814
12/09/2017,13:21:00,126.6719,126.6875,126.6719,126.6719,1702
12/09/2017,13:22:00,126.6875,126.6875,126.6563,126.6719,1842
12/09/2017,13:23:00,126.6719,126.6719,126.6563,126.6563,1011
12/09/2017,13:24:00,126.6563,126.6719,126.6406,126.6406,1814
12/09/2017,13:25:00,126.6563,126.6563,126.6406,126.6406,141
12/09/2017,13:26:00,126.6406,126.6563,126.6406,126.6563,50
12/09/2017,13:27:00,126.6563,126.6563,126.6406,126.6406,71
12/09/2017,13:28:00,126.6406,126.6563,126.6406,126.6406,5046
12/09/2017,13:29:00,126.6406,126.6406,126.625,126.6406,854
12/09/2017,13:30:00,126.6406,126.6406,126.625,126.625,90
12/09/2017,13:31:00,126.6406,126.6406,126.625,126.6406,3237
12/09/2017,13:32:00,126.6406,126.6406,126.6094,126.625,2054
12/09/2017,13:33:00,126.625,126.625,126.6094,126.625,1415
12/09/2017,13:34:00,126.6406,126.6406,126.625,126.625,118
12/09/2017,13:35:00,126.625,126.6406,126.625,126.6406,211
12/09/2017,13:36:00,126.625,126.6406,126.625,126.6406,37
12/09/2017,13:37:00,126.625,126.6563,126.625,126.6406,2334
12/09/2017,13:38:00,126.6406,126.6563,126.6406,126.6563,228
12/09/2017,13:39:00,126.6406,126.6406,126.625,126.6406,964
12/09/2017,13:40:00,126.625,126.6406,126.625,126.6406,2279
12/09/2017,13:41:00,126.625,126.6406,126.625,126.625,158
12/09/2017,13:42:00,126.6406,126.6406,126.625,126.625,2818
12/09/2017,13:43:00,126.6094,126.625,126.6094,126.6094,85
12/09/2017,13:44:00,126.6094,126.625,126.6094,126.6094,552
12/09/2017,13:45:00,126.6094,126.625,126.6094,126.625,350
12/09/2017,13:46:00,126.6094,126.625,126.6094,126.6094,452
12/09/2017,13:47:00,126.625,126.625,126.6094,126.6094,41
12/09/2017,13:48:00,126.625,126.625,126.6094,126.6094,42
12/09/2017,13:49:00,126.6094,126.6094,126.5938,126.6094,2208
12/09/2017,13:50:00,126.6094,126.6094,126.5938,126.6094,42
12/09/2017,13:51:00,126.6094,126.6094,126.5938,126.5938,1687
12/09/2017,13:52:00,126.5938,126.6094,126.5781,126.5938,3711
12/09/2017,13:53:00,126.5938,126.6094,126.5938,126.6094,34
12/09/2017,13:54:00,126.5938,126.6094,126.5938,126.5938,118
12/09/2017,13:55:00,126.6094,126.625,126.5938,126.625,7287
12/09/2017,13:56:00,126.6094,126.625,126.6094,126.625,6836
12/09/2017,13:57:00,126.6094,126.6406,126.6094,126.6406,2933
12/09/2017,13:58:00,126.6406,126.6406,126.625,126.625,228
12/09/2017,13:59:00,126.6406,126.6563,126.625,126.6406,12602
12/09/2017,14:00:00,126.6406,126.6563,126.625,126.625,6365
12/09/2017,14:01:00,126.625,126.6406,126.625,126.6406,3793
12/09/2017,14:02:00,126.6406,126.6875,126.625,126.6719,5881
12/09/2017,14:03:00,126.6875,126.6875,126.6719,126.6719,5779
12/09/2017,14:04:00,126.6719,126.6719,126.6719,126.6719,589
12/09/2017,14:05:00,126.6719,126.6719,126.6563,126.6719,1672
12/09/2017,14:06:00,126.6719,126.6875,126.6719,126.6719,521
12/09/2017,14:07:00,126.6719,126.6719,126.6719,126.6719,34
12/09/2017,14:08:00,126.6719,126.6875,126.6719,126.6875,369
12/09/2017,14:09:00,126.6719,126.6875,126.6719,126.6875,10
12/09/2017,14:10:00,126.6719,126.6875,126.6719,126.6875,245
12/09/2017,14:11:00,126.6875,126.6875,126.6719,126.6719,29
12/09/2017,14:12:00,126.6719,126.6875,126.6719,126.6875,12
12/09/2017,14:13:00,126.6719,126.6875,126.6719,126.6719,665
12/09/2017,14:14:00,126.6719,126.6875,126.6719,126.6719,144
12/09/2017,14:15:00,126.6719,126.6875,126.6719,126.6875,63
12/09/2017,14:16:00,126.6719,126.6875,126.6719,126.6719,498
12/09/2017,14:17:00,126.6719,126.6719,126.6563,126.6563,4338
12/09/2017,14:18:00,126.6719,126.6719,126.6563,126.6719,15
12/09/2017,14:19:00,126.6563,126.6719,126.6563,126.6719,19
12/09/2017,14:20:00,126.6719,126.6719,126.6563,126.6719,10
12/09/2017,14:21:00,126.6719,126.6719,126.6563,126.6719,12
12/09/2017,14:22:00,126.6719,126.6719,126.6563,126.6719,86
12/09/2017,14:23:00,126.6719,126.6719,126.6563,126.6563,3737
12/09/2017,14:24:00,126.6406,126.6563,126.6406,126.6406,85
12/09/2017,14:25:00,126.6563,126.6563,126.6406,126.6563,13
12/09/2017,14:26:00,126.6406,126.6563,126.6406,126.6563,81
12/09/2017,14:27:00,126.6563,126.6563,126.6406,126.6406,277
12/09/2017,14:28:00,126.6406,126.6563,126.6406,126.6406,65
12/09/2017,14:29:00,126.6406,126.6563,126.6406,126.6406,147
12/09/2017,14:30:00,126.6406,126.6406,126.6406,126.6406,5303
12/09/2017,14:31:00,126.625,126.6406,126.625,126.6406,1034
12/09/2017,14:32:00,126.6406,126.6406,126.625,126.6406,32
12/09/2017,14:33:00,126.6406,126.6406,126.625,126.6406,52
12/09/2017,14:34:00,126.6406,126.6406,126.625,126.6406,82
12/09/2017,14:35:00,126.625,126.6406,126.625,126.6406,991
12/09/2017,14:36:00,126.625,126.6406,126.625,126.6406,215
12/09/2017,14:37:00,126.6406,126.6406,126.625,126.6406,29
12/09/2017,14:38:00,126.6406,126.6406,126.625,126.6406,52
12/09/2017,14:39:00,126.625,126.6406,126.625,126.6406,10
12/09/2017,14:40:00,126.625,126.6563,126.625,126.6563,5855
12/09/2017,14:41:00,126.6563,126.6563,126.6563,126.6563,26
12/09/2017,14:42:00,126.6563,126.6563,126.6406,126.6563,115
12/09/2017,14:43:00,126.6563,126.6563,126.6406,126.6563,353
12/09/2017,14:44:00,126.6563,126.6563,126.6406,126.6406,42
12/09/2017,14:45:00,126.6406,126.6563,126.6406,126.6563,451
12/09/2017,14:46:00,126.6563,126.6719,126.6563,126.6719,2230
12/09/2017,14:47:00,126.6719,126.6719,126.6563,126.6719,22
12/09/2017,14:48:00,126.6719,126.6719,126.6719,126.6719,54
12/09/2017,14:49:00,126.6719,126.6719,126.6406,126.6563,2007
12/09/2017,14:50:00,126.6406,126.6406,126.6406,126.6406,2056
12/09/2017,14:51:00,126.625,126.6406,126.625,126.625,805
12/09/2017,14:52:00,126.6406,126.6406,126.625,126.6406,218
12/09/2017,14:53:00,126.6406,126.6406,126.625,126.6406,53
12/09/2017,14:54:00,126.6406,126.6406,126.625,126.6406,1153
12/09/2017,14:55:00,126.6406,126.6406,126.625,126.625,267
12/09/2017,14:56:00,126.6406,126.6406,126.625,126.6406,101
12/09/2017,14:57:00,126.6406,126.6406,126.625,126.625,2959
12/09/2017,14:58:00,126.625,126.625,126.6094,126.625,66
12/09/2017,14:59:00,126.6094,126.625,126.6094,126.6094,1571
12/09/2017,15:00:00,126.625,126.625,126.6094,126.6094,665
12/09/2017,15:01:00,126.6094,126.6406,126.6094,126.6094,2907
12/09/2017,15:02:00,126.625,126.625,126.6094,126.625,94
12/09/2017,15:03:00,126.6094,126.625,126.6094,126.6094,34
12/09/2017,15:04:00,126.6094,126.6406,126.6094,126.625,1631
12/09/2017,15:05:00,126.625,126.625,126.625,126.625,18
12/09/2017,15:07:00,126.625,126.625,126.625,126.625,95
12/09/2017,15:08:00,126.625,126.6406,126.625,126.6406,121
12/09/2017,15:09:00,126.625,126.625,126.625,126.625,96
12/09/2017,15:10:00,126.625,126.6406,126.625,126.6406,60
12/09/2017,15:11:00,126.6406,126.6406,126.6406,126.6406,22
12/09/2017,15:12:00,126.6406,126.6406,126.625,126.625,17
12/09/2017,15:13:00,126.625,126.6563,126.625,126.6406,2384
12/09/2017,15:14:00,126.625,126.6406,126.625,126.6406,541
12/09/2017,15:15:00,126.6406,126.6563,126.6406,126.6563,1977
12/09/2017,15:16:00,126.6563,126.6719,126.6406,126.6719,1431
12/09/2017,15:17:00,126.6563,126.6719,126.6563,126.6719,313
12/09/2017,15:18:00,126.6719,126.6719,126.6563,126.6719,58
12/09/2017,15:19:00,126.6719,126.6719,126.6719,126.6719,12
12/09/2017,15:20:00,126.6563,126.6719,126.6563,126.6719,1323
12/09/2017,15:21:00,126.6719,126.6719,126.6719,126.6719,1195
12/09/2017,15:22:00,126.6719,126.6875,126.6719,126.6875,8
12/09/2017,15:23:00,126.6719,126.6875,126.6719,126.6875,115
12/09/2017,15:24:00,126.6875,126.6875,126.6563,126.6563,1260
12/09/2017,15:25:00,126.6719,126.6719,126.6719,126.6719,7
12/09/2017,15:26:00,126.6563,126.6563,126.6563,126.6563,28
12/09/2017,15:27:00,126.6563,126.6563,126.6406,126.6406,1345
12/09/2017,15:29:00,126.6406,126.6563,126.6406,126.6406,41
12/09/2017,15:30:00,126.6563,126.6563,126.6406,126.6406,36
12/09/2017,15:31:00,126.6563,126.6563,126.6406,126.6406,1560
12/09/2017,15:32:00,126.6406,126.6406,126.6406,126.6406,36
12/09/2017,15:33:00,126.6406,126.6563,126.6406,126.6563,6
12/09/2017,15:34:00,126.6563,126.6563,126.6563,126.6563,1728
12/09/2017,15:35:00,126.6406,126.6563,126.6406,126.6406,118
12/09/2017,15:36:00,126.6563,126.6563,126.6563,126.6563,220
12/09/2017,15:37:00,126.6406,126.6719,126.6406,126.6563,2072
12/09/2017,15:38:00,126.6406,126.6563,126.6406,126.6563,52
12/09/2017,15:39:00,126.6563,126.6563,126.6406,126.6406,46
12/09/2017,15:40:00,126.6563,126.6563,126.6406,126.6563,38
12/09/2017,15:41:00,126.6563,126.6563,126.6563,126.6563,7
12/09/2017,15:42:00,126.6406,126.6406,126.6406,126.6406,114
12/09/2017,15:43:00,126.6406,126.6563,126.6406,126.6563,494
12/09/2017,15:44:00,126.6406,126.6406,126.6406,126.6406,501
12/09/2017,15:45:00,126.6563,126.6563,126.6406,126.6406,11
12/09/2017,15:46:00,126.6563,126.6563,126.6406,126.6406,470
12/09/2017,15:47:00,126.6406,126.6406,126.6406,126.6406,34
12/09/2017,15:48:00,126.6406,126.6563,126.6406,126.6563,6
12/09/2017,15:49:00,126.6563,126.6563,126.6406,126.6563,8
12/09/2017,15:50:00,126.6563,126.6563,126.6406,126.6563,47
12/09/2017,15:51:00,126.6406,126.6563,126.6406,126.6563,259
12/09/2017,15:52:00,126.6563,126.6563,126.6563,126.6563,476
12/09/2017,15:53:00,126.6406,126.6563,126.6406,126.6563,4
12/09/2017,15:55:00,126.6406,126.6563,126.6406,126.6406,52
12/09/2017,15:56:00,126.6406,126.6563,126.6406,126.6563,201
12/09/2017,15:57:00,126.6563,126.6563,126.6563,126.6563,2
12/09/2017,15:58:00,126.6406,126.6563,126.6406,126.6563,615
12/09/2017,15:59:00,126.6563,126.6563,126.6406,126.6563,1695
12/09/2017,17:00:00,126.6406,126.6563,126.6406,126.6563,941
12/09/2017,17:01:00,126.6719,126.6875,126.6719,126.6719,488
12/09/2017,17:02:00,126.6719,126.6875,126.6719,126.6875,21
12/09/2017,17:03:00,126.6875,126.6875,126.6719,126.6719,214
12/09/2017,17:04:00,126.6719,126.6875,126.6719,126.6875,756
12/09/2017,17:05:00,126.6875,126.6875,126.6875,126.6875,26
12/09/2017,17:06:00,126.6875,126.6875,126.6875,126.6875,1
12/09/2017,17:07:00,126.6719,126.6875,126.6719,126.6875,274
12/09/2017,17:08:00,126.6875,126.6875,126.6875,126.6875,4
12/09/2017,17:09:00,126.6719,126.6719,126.6719,126.6719,1
12/09/2017,17:12:00,126.6875,126.6875,126.6875,126.6875,118
12/09/2017,17:13:00,126.6875,126.6875,126.6875,126.6875,1
12/09/2017,17:14:00,126.6719,126.6719,126.6719,126.6719,1
12/09/2017,17:15:00,126.6719,126.6719,126.6563,126.6563,434
12/09/2017,17:16:00,126.6563,126.6563,126.6406,126.6406,178
12/09/2017,17:17:00,126.6563,126.6563,126.6563,126.6563,73
12/09/2017,17:18:00,126.6563,126.6563,126.6563,126.6563,160
12/09/2017,17:20:00,126.6563,126.6563,126.6563,126.6563,169
12/09/2017,17:26:00,126.6563,126.6719,126.6563,126.6719,3
12/09/2017,17:27:00,126.6719,126.6719,126.6719,126.6719,1
12/09/2017,17:28:00,126.6719,126.6719,126.6719,126.6719,7
12/09/2017,17:30:00,126.6719,126.6719,126.6719,126.6719,378
12/09/2017,17:31:00,126.6719,126.6875,126.6719,126.6719,10
12/09/2017,17:32:00,126.6719,126.6719,126.6719,126.6719,409
12/09/2017,17:33:00,126.6719,126.6719,126.6719,126.6719,4
12/09/2017,17:34:00,126.6719,126.6719,126.6719,126.6719,2
12/09/2017,17:35:00,126.6719,126.6719,126.6719,126.6719,229
12/09/2017,17:37:00,126.6875,126.6875,126.6719,126.6719,7
12/09/2017,17:40:00,126.6875,126.6875,126.6719,126.6719,66
12/09/2017,17:41:00,126.6719,126.6719,126.6719,126.6719,1
12/09/2017,17:44:00,126.6719,126.6875,126.6719,126.6875,3
12/09/2017,17:45:00,126.6719,126.6719,126.6719,126.6719,13
12/09/2017,17:46:00,126.6719,126.6875,126.6719,126.6875,8
12/09/2017,17:47:00,126.6719,126.6875,126.6719,126.6719,16
12/09/2017,17:48:00,126.6719,126.6719,126.6719,126.6719,52
12/09/2017,17:49:00,126.6719,126.6719,126.6719,126.6719,7
12/09/2017,17:50:00,126.6875,126.6875,126.6719,126.6719,8
12/09/2017,17:51:00,126.6719,126.6875,126.6719,126.6875,811
12/09/2017,17:52:00,126.6719,126.6719,126.6719,126.6719,388
12/09/2017,17:53:00,126.6719,126.6719,126.6719,126.6719,259
12/09/2017,17:54:00,126.6719,126.6719,126.6719,126.6719,2
12/09/2017,17:56:00,126.6719,126.6719,126.6719,126.6719,12
12/09/2017,17:58:00,126.6719,126.6719,126.6719,126.6719,1
12/09/2017,18:00:00,126.6719,126.6719,126.6719,126.6719,2
12/09/2017,18:01:00,126.6719,126.6719,126.6719,126.6719,2
12/09/2017,18:02:00,126.6719,126.6719,126.6719,126.6719,2
12/09/2017,18:03:00,126.6719,126.6719,126.6719,126.6719,6
12/09/2017,18:04:00,126.6563,126.6563,126.6563,126.6563,12
12/09/2017,18:05:00,126.6719,126.6719,126.6719,126.6719,100
12/09/2017,18:07:00,126.6719,126.6719,126.6563,126.6563,6
12/09/2017,18:13:00,126.6719,126.6719,126.6719,126.6719,5
12/09/2017,18:14:00,126.6719,126.6719,126.6719,126.6719,11
12/09/2017,18:15:00,126.6719,126.6875,126.6719,126.6875,666
12/09/2017,18:17:00,126.6719,126.6719,126.6719,126.6719,8
12/09/2017,18:18:00,126.6719,126.6719,126.6563,126.6563,62
12/09/2017,18:19:00,126.6719,126.6719,126.6719,126.6719,182
12/09/2017,18:20:00,126.6719,126.6719,126.6719,126.6719,777
12/09/2017,18:21:00,126.6719,126.6719,126.6563,126.6563,335
12/09/2017,18:24:00,126.6563,126.6563,126.6563,126.6563,2
12/09/2017,18:26:00,126.6719,126.6719,126.6719,126.6719,293
12/09/2017,18:27:00,126.6719,126.6719,126.6719,126.6719,5
12/09/2017,18:28:00,126.6719,126.6719,126.6563,126.6563,4
12/09/2017,18:30:00,126.6719,126.6719,126.6719,126.6719,2
12/09/2017,18:31:00,126.6719,126.6719,126.6719,126.6719,3
12/09/2017,18:34:00,126.6719,126.6719,126.6719,126.6719,2
12/09/2017,18:36:00,126.6719,126.6719,126.6719,126.6719,2
12/09/2017,18:39:00,126.6719,126.6719,126.6719,126.6719,6
12/09/2017,18:40:00,126.6719,126.6719,126.6719,126.6719,705
12/09/2017,18:41:00,126.6875,126.6875,126.6719,126.6719,504
12/09/2017,18:42:00,126.6719,126.6719,126.6719,126.6719,186
12/09/2017,18:43:00,126.6719,126.6719,126.6719,126.6719,150
12/09/2017,18:44:00,126.6719,126.6719,126.6719,126.6719,301
12/09/2017,18:45:00,126.6719,126.6719,126.6719,126.6719,2
12/09/2017,18:46:00,126.6875,126.6875,126.6875,126.6875,6
12/09/2017,18:47:00,126.6719,126.6875,126.6719,126.6875,134
12/09/2017,18:48:00,126.6875,126.6875,126.6875,126.6875,6
12/09/2017,18:50:00,126.6875,126.6875,126.6875,126.6875,1
12/09/2017,18:52:00,126.6719,126.6875,126.6719,126.6719,55
12/09/2017,18:53:00,126.6875,126.6875,126.6875,126.6875,1
12/09/2017,18:54:00,126.6875,126.7031,126.6719,126.7031,663
12/09/2017,18:55:00,126.6875,126.6875,126.6719,126.6719,168
12/09/2017,18:56:00,126.6719,126.6719,126.6719,126.6719,6
12/09/2017,18:57:00,126.6875,126.6875,126.6875,126.6875,82
12/09/2017,18:59:00,126.6719,126.6719,126.6719,126.6719,69
12/09/2017,19:01:00,126.6719,126.6875,126.6719,126.6875,24
12/09/2017,19:02:00,126.6875,126.6875,126.6719,126.6719,530
12/09/2017,19:03:00,126.6719,126.6719,126.6563,126.6719,278
12/09/2017,19:05:00,126.6719,126.6719,126.6719,126.6719,2
12/09/2017,19:06:00,126.6563,126.6719,126.6563,126.6719,1732
12/09/2017,19:07:00,126.6563,126.6719,126.6563,126.6719,12
12/09/2017,19:08:00,126.6563,126.6563,126.6406,126.6406,1275
12/09/2017,19:09:00,126.6563,126.6563,126.6563,126.6563,1659
12/09/2017,19:10:00,126.6563,126.6719,126.6563,126.6563,60
12/09/2017,19:11:00,126.6563,126.6563,126.6563,126.6563,2
12/09/2017,19:12:00,126.6563,126.6563,126.6563,126.6563,1081
12/09/2017,19:13:00,126.6563,126.6563,126.6563,126.6563,56
12/09/2017,19:14:00,126.6563,126.6563,126.6563,126.6563,2
12/09/2017,19:15:00,126.6719,126.6719,126.6719,126.6719,192
12/09/2017,19:16:00,126.6563,126.6719,126.6563,126.6719,106
12/09/2017,19:17:00,126.6719,126.6719,126.6719,126.6719,103
12/09/2017,19:18:00,126.6719,126.6719,126.6719,126.6719,101
12/09/2017,19:20:00,126.6719,126.6719,126.6719,126.6719,1
12/09/2017,19:21:00,126.6563,126.6563,126.6563,126.6563,1
12/09/2017,19:22:00,126.6719,126.6875,126.6719,126.6875,855
12/09/2017,19:23:00,126.6875,126.6875,126.6719,126.6875,26
12/09/2017,19:24:00,126.6875,126.6875,126.6719,126.6719,273
12/09/2017,19:25:00,126.6719,126.6875,126.6719,126.6875,646
12/09/2017,19:26:00,126.6875,126.7031,126.6875,126.7031,23
12/09/2017,19:27:00,126.7031,126.7031,126.7031,126.7031,959
12/09/2017,19:28:00,126.7031,126.7031,126.6875,126.6875,126
12/09/2017,19:29:00,126.7031,126.7031,126.7031,126.7031,718
12/09/2017,19:30:00,126.7031,126.7031,126.6875,126.6875,257
12/09/2017,19:31:00,126.7031,126.7031,126.6875,126.6875,643
12/09/2017,19:32:00,126.7031,126.7031,126.7031,126.7031,6
12/09/2017,19:33:00,126.7031,126.7031,126.6875,126.7031,21
12/09/2017,19:34:00,126.6875,126.6875,126.6875,126.6875,999
12/09/2017,19:35:00,126.6719,126.6719,126.6719,126.6719,1
12/09/2017,19:39:00,126.6875,126.6875,126.6875,126.6875,1
12/09/2017,19:42:00,126.6875,126.6875,126.6875,126.6875,105
12/09/2017,19:43:00,126.6875,126.6875,126.6875,126.6875,3
12/09/2017,19:44:00,126.6875,126.6875,126.6719,126.6719,11
12/09/2017,19:45:00,126.6719,126.6875,126.6719,126.6875,13
12/09/2017,19:46:00,126.6719,126.6719,126.6719,126.6719,411
12/09/2017,19:47:00,126.6719,126.6875,126.6719,126.6875,1279
12/09/2017,19:48:00,126.6875,126.6875,126.6875,126.6875,25
12/09/2017,19:49:00,126.6875,126.6875,126.6875,126.6875,1359
12/09/2017,19:50:00,126.6875,126.6875,126.6875,126.6875,350
12/09/2017,19:51:00,126.6875,126.6875,126.6719,126.6719,635
12/09/2017,19:52:00,126.6875,126.6875,126.6875,126.6875,366
12/09/2017,19:53:00,126.6875,126.6875,126.6875,126.6875,827
12/09/2017,19:54:00,126.6875,126.7031,126.6875,126.7031,532
12/09/2017,19:55:00,126.6875,126.6875,126.6875,126.6875,331
12/09/2017,19:56:00,126.6875,126.6875,126.6875,126.6875,1122
12/09/2017,19:57:00,126.6875,126.6875,126.6875,126.6875,319
12/09/2017,20:01:00,126.6875,126.6875,126.6875,126.6875,50
12/09/2017,20:05:00,126.6875,126.6875,126.6719,126.6719,60
12/09/2017,20:06:00,126.6719,126.6719,126.6719,126.6719,6
12/09/2017,20:07:00,126.6719,126.6719,126.6719,126.6719,1056
12/09/2017,20:08:00,126.6719,126.6719,126.6719,126.6719,36
12/09/2017,20:09:00,126.6719,126.6719,126.6719,126.6719,13
12/09/2017,20:12:00,126.6719,126.6719,126.6719,126.6719,1
12/09/2017,20:14:00,126.6719,126.6719,126.6563,126.6563,976
12/09/2017,20:15:00,126.6563,126.6719,126.6563,126.6563,59
12/09/2017,20:16:00,126.6563,126.6719,126.6563,126.6719,152
12/09/2017,20:17:00,126.6719,126.6719,126.6719,126.6719,28
12/09/2017,20:23:00,126.6563,126.6563,126.6563,126.6563,100
12/09/2017,20:24:00,126.6563,126.6563,126.6563,126.6563,3
12/09/2017,20:25:00,126.6563,126.6719,126.6563,126.6719,6
12/09/2017,20:26:00,126.6719,126.6719,126.6719,126.6719,28
12/09/2017,20:27:00,126.6719,126.6719,126.6719,126.6719,367
12/09/2017,20:28:00,126.6719,126.6719,126.6719,126.6719,29
12/09/2017,20:29:00,126.6719,126.6719,126.6719,126.6719,10
12/09/2017,20:30:00,126.6719,126.6719,126.6719,126.6719,132
12/09/2017,20:31:00,126.6719,126.6719,126.6719,126.6719,10
12/09/2017,20:33:00,126.6719,126.6719,126.6719,126.6719,1
12/09/2017,20:34:00,126.6563,126.6563,126.6563,126.6563,12
12/09/2017,20:35:00,126.6563,126.6563,126.6563,126.6563,9
12/09/2017,20:36:00,126.6563,126.6719,126.6563,126.6563,174
12/09/2017,20:37:00,126.6563,126.6563,126.6563,126.6563,72
12/09/2017,20:38:00,126.6719,126.6719,126.6719,126.6719,1
12/09/2017,20:39:00,126.6719,126.6719,126.6719,126.6719,422
12/09/2017,20:41:00,126.6719,126.6719,126.6719,126.6719,297
12/09/2017,20:42:00,126.6719,126.6719,126.6719,126.6719,6
12/09/2017,20:43:00,126.6875,126.6875,126.6719,126.6719,8
12/09/2017,20:44:00,126.6719,126.6875,126.6719,126.6719,44
12/09/2017,20:45:00,126.6875,126.6875,126.6719,126.6719,36
12/09/2017,20:46:00,126.6719,126.6719,126.6719,126.6719,6
12/09/2017,20:47:00,126.6719,126.6719,126.6719,126.6719,5
12/09/2017,20:48:00,126.6875,126.6875,126.6875,126.6875,32
12/09/2017,20:50:00,126.6875,126.6875,126.6875,126.6875,921
12/09/2017,20:52:00,126.6875,126.6875,126.6875,126.6875,269
12/09/2017,20:53:00,126.6875,126.6875,126.6875,126.6875,233
12/09/2017,20:54:00,126.6875,126.6875,126.6875,126.6875,118
12/09/2017,20:55:00,126.6719,126.6719,126.6719,126.6719,100
12/09/2017,20:56:00,126.6875,126.6875,126.6875,126.6875,1
12/09/2017,20:57:00,126.6875,126.6875,126.6875,126.6875,4
12/09/2017,20:58:00,126.6875,126.6875,126.6875,126.6875,11
12/09/2017,20:59:00,126.6875,126.6875,126.6875,126.6875,20
12/09/2017,21:00:00,126.6719,126.6719,126.6719,126.6719,5
12/09/2017,21:01:00,126.6875,126.7031,126.6875,126.7031,1029
12/09/2017,21:02:00,126.6875,126.7031,126.6875,126.7031,56
12/09/2017,21:03:00,126.6875,126.7031,126.6875,126.6875,78
12/09/2017,21:04:00,126.7031,126.7031,126.6875,126.6875,33
12/09/2017,21:05:00,126.6875,126.7031,126.6875,126.6875,308
12/09/2017,21:06:00,126.7031,126.7031,126.7031,126.7031,542
12/09/2017,21:07:00,126.7031,126.7188,126.7031,126.7031,45
12/09/2017,21:08:00,126.7031,126.7031,126.7031,126.7031,19
12/09/2017,21:09:00,126.7031,126.7031,126.7031,126.7031,9
12/09/2017,21:10:00,126.7188,126.7188,126.7031,126.7031,41
12/09/2017,21:11:00,126.7031,126.7031,126.7031,126.7031,11
12/09/2017,21:12:00,126.7188,126.7188,126.7031,126.7031,12
12/09/2017,21:13:00,126.7188,126.7188,126.7031,126.7031,94
12/09/2017,21:14:00,126.7031,126.7031,126.7031,126.7031,14
12/09/2017,21:15:00,126.7188,126.7188,126.7188,126.7188,1626
12/09/2017,21:16:00,126.7188,126.75,126.7188,126.7344,2517
12/09/2017,21:17:00,126.7344,126.7344,126.7188,126.7188,829
12/09/2017,21:18:00,126.7188,126.7344,126.7188,126.7188,107
12/09/2017,21:19:00,126.7188,126.7344,126.7188,126.7344,53
12/09/2017,21:20:00,126.7344,126.7344,126.7344,126.7344,7
12/09/2017,21:21:00,126.7188,126.7344,126.7188,126.7188,69
12/09/2017,21:22:00,126.7188,126.7188,126.7188,126.7188,10
12/09/2017,21:23:00,126.7188,126.7344,126.7188,126.7188,111
12/09/2017,21:24:00,126.7344,126.7344,126.7188,126.7188,112
12/09/2017,21:25:00,126.7344,126.7344,126.7188,126.7188,162
12/09/2017,21:26:00,126.7344,126.7344,126.7188,126.7188,126
12/09/2017,21:27:00,126.7188,126.7188,126.7188,126.7188,1373
12/09/2017,21:28:00,126.7188,126.7188,126.7188,126.7188,521
12/09/2017,21:29:00,126.7188,126.7188,126.7188,126.7188,53
12/09/2017,21:30:00,126.7188,126.7188,126.7188,126.7188,19
12/09/2017,21:31:00,126.7188,126.7188,126.7188,126.7188,9
12/09/2017,21:32:00,126.7344,126.7344,126.7344,126.7344,1791
12/09/2017,21:33:00,126.7344,126.7344,126.7188,126.7188,422
12/09/2017,21:34:00,126.7188,126.7188,126.7188,126.7188,70
12/09/2017,21:35:00,126.7188,126.7188,126.7188,126.7188,9
12/09/2017,21:36:00,126.7344,126.7344,126.7188,126.7188,74
12/09/2017,21:37:00,126.7188,126.7188,126.7188,126.7188,5
12/09/2017,21:38:00,126.7188,126.7344,126.7188,126.7188,553
12/09/2017,21:39:00,126.7344,126.7344,126.7344,126.7344,320
12/09/2017,21:42:00,126.7344,126.7344,126.7188,126.7344,276
12/09/2017,21:43:00,126.7188,126.7188,126.7188,126.7188,9
12/09/2017,21:44:00,126.7188,126.7188,126.7188,126.7188,16
12/09/2017,21:45:00,126.7344,126.7344,126.7188,126.7188,11
12/09/2017,21:46:00,126.7188,126.7188,126.7188,126.7188,10
12/09/2017,21:47:00,126.7188,126.7188,126.7188,126.7188,8
12/09/2017,21:48:00,126.7188,126.7188,126.7188,126.7188,8
12/09/2017,21:49:00,126.7188,126.7188,126.7188,126.7188,8
12/09/2017,21:50:00,126.7188,126.7344,126.7188,126.7188,208
12/09/2017,21:51:00,126.7188,126.7188,126.7188,126.7188,8
12/09/2017,21:52:00,126.7188,126.7188,126.7188,126.7188,8
12/09/2017,21:53:00,126.7188,126.7188,126.7188,126.7188,8
12/09/2017,21:54:00,126.7188,126.7344,126.7188,126.7188,17
12/09/2017,21:55:00,126.7188,126.7188,126.7188,126.7188,13
12/09/2017,21:56:00,126.7188,126.7188,126.7188,126.7188,8
12/09/2017,21:57:00,126.7344,126.7344,126.7188,126.7188,20
12/09/2017,21:59:00,126.7188,126.7188,126.7188,126.7188,8
12/09/2017,22:00:00,126.7188,126.7188,126.7188,126.7188,9
12/09/2017,22:01:00,126.7188,126.7188,126.7188,126.7188,8
12/09/2017,22:02:00,126.7188,126.7188,126.7188,126.7188,72
12/09/2017,22:03:00,126.7344,126.7344,126.7188,126.7188,59
12/09/2017,22:05:00,126.7344,126.7344,126.7188,126.7188,18
12/09/2017,22:06:00,126.7188,126.7344,126.7188,126.7188,168
12/09/2017,22:08:00,126.7344,126.7344,126.7344,126.7344,1
12/09/2017,22:10:00,126.7188,126.7188,126.7188,126.7188,8
12/09/2017,22:11:00,126.7188,126.7188,126.7188,126.7188,6
12/09/2017,22:12:00,126.7344,126.7344,126.7344,126.7344,2
12/09/2017,22:13:00,126.7188,126.7188,126.7188,126.7188,8
12/09/2017,22:14:00,126.7188,126.7188,126.7031,126.7031,900
12/09/2017,22:15:00,126.7031,126.7031,126.7031,126.7031,8
12/09/2017,22:17:00,126.7188,126.7188,126.7188,126.7188,671
12/09/2017,22:18:00,126.7188,126.7188,126.7188,126.7188,8
12/09/2017,22:19:00,126.7188,126.7188,126.7188,126.7188,8
12/09/2017,22:20:00,126.7188,126.7188,126.7188,126.7188,1
12/09/2017,22:22:00,126.7188,126.7188,126.7188,126.7188,48
12/09/2017,22:23:00,126.7188,126.7188,126.7188,126.7188,109
12/09/2017,22:24:00,126.7188,126.7188,126.7188,126.7188,8
12/09/2017,22:25:00,126.7188,126.7344,126.7188,126.7188,110
12/09/2017,22:26:00,126.7188,126.7188,126.7188,126.7188,4
12/09/2017,22:29:00,126.7188,126.7188,126.7188,126.7188,1
12/09/2017,22:30:00,126.7344,126.7344,126.7344,126.7344,216
12/09/2017,22:31:00,126.7344,126.7344,126.7344,126.7344,1
12/09/2017,22:32:00,126.7188,126.7188,126.7188,126.7188,80
12/09/2017,22:33:00,126.7188,126.7188,126.7188,126.7188,18
12/09/2017,22:35:00,126.7188,126.7188,126.7188,126.7188,494
12/09/2017,22:38:00,126.7188,126.7188,126.7188,126.7188,6
12/09/2017,22:40:00,126.7188,126.7188,126.7188,126.7188,2
12/09/2017,22:42:00,126.7188,126.7344,126.7188,126.7344,154
12/09/2017,22:43:00,126.7188,126.7188,126.7188,126.7188,8
12/09/2017,22:45:00,126.7188,126.7344,126.7188,126.7344,11
12/09/2017,22:47:00,126.7344,126.7344,126.7344,126.7344,1
12/09/2017,22:48:00,126.7344,126.7344,126.7344,126.7344,3
12/09/2017,22:51:00,126.7344,126.7344,126.7344,126.7344,50
12/09/2017,22:52:00,126.7344,126.7344,126.7344,126.7344,379
12/09/2017,22:53:00,126.7344,126.7344,126.7344,126.7344,2
12/09/2017,22:54:00,126.7188,126.7188,126.7188,126.7188,105
12/09/2017,22:55:00,126.7188,126.7188,126.7188,126.7188,101
12/09/2017,22:56:00,126.7188,126.7188,126.7188,126.7188,38
12/09/2017,22:57:00,126.7344,126.7344,126.7188,126.7188,8
12/09/2017,22:58:00,126.7344,126.75,126.7344,126.75,838
12/09/2017,22:59:00,126.75,126.75,126.7344,126.7344,9
12/09/2017,23:00:00,126.75,126.75,126.7344,126.7344,6
12/09/2017,23:01:00,126.7344,126.7344,126.7344,126.7344,13
12/09/2017,23:02:00,126.75,126.75,126.7344,126.7344,102
12/09/2017,23:06:00,126.75,126.75,126.75,126.75,1
12/09/2017,23:07:00,126.7344,126.7344,126.7344,126.7344,4
12/09/2017,23:08:00,126.7344,126.7344,126.7344,126.7344,8
12/09/2017,23:09:00,126.7344,126.7344,126.7344,126.7344,10
12/09/2017,23:10:00,126.7344,126.75,126.7344,126.75,3
12/09/2017,23:12:00,126.7344,126.7344,126.7344,126.7344,1
12/09/2017,23:13:00,126.7344,126.7344,126.7344,126.7344,5
12/09/2017,23:14:00,126.7344,126.75,126.7344,126.75,5
12/09/2017,23:15:00,126.7344,126.7344,126.7344,126.7344,2
12/09/2017,23:16:00,126.7344,126.7344,126.7344,126.7344,2
12/09/2017,23:18:00,126.7344,126.7344,126.7344,126.7344,5
12/09/2017,23:19:00,126.7344,126.7344,126.7344,126.7344,85
12/09/2017,23:20:00,126.7344,126.7344,126.7344,126.7344,4
12/09/2017,23:21:00,126.7344,126.7344,126.7344,126.7344,14
12/09/2017,23:22:00,126.7344,126.7344,126.7344,126.7344,25
12/09/2017,23:23:00,126.75,126.75,126.75,126.75,4
12/09/2017,23:24:00,126.7344,126.7344,126.7344,126.7344,3
12/09/2017,23:25:00,126.7344,126.7344,126.7344,126.7344,87
12/09/2017,23:26:00,126.7344,126.7344,126.7344,126.7344,330
12/09/2017,23:27:00,126.7344,126.7344,126.7344,126.7344,2
12/09/2017,23:28:00,126.7344,126.7344,126.7344,126.7344,3
12/09/2017,23:29:00,126.7344,126.7344,126.7344,126.7344,2
12/09/2017,23:31:00,126.7344,126.7344,126.7344,126.7344,2
12/09/2017,23:32:00,126.7344,126.7344,126.7344,126.7344,9
12/09/2017,23:33:00,126.7344,126.7344,126.7344,126.7344,2
12/09/2017,23:34:00,126.7344,126.7344,126.7344,126.7344,7
12/09/2017,23:35:00,126.7344,126.7344,126.7344,126.7344,2
12/09/2017,23:36:00,126.7344,126.7344,126.7344,126.7344,2
12/09/2017,23:37:00,126.75,126.75,126.7344,126.7344,4
12/09/2017,23:38:00,126.7344,126.7344,126.7344,126.7344,3
12/09/2017,23:41:00,126.7344,126.7344,126.7344,126.7344,4
12/09/2017,23:42:00,126.75,126.75,126.75,126.75,2
12/09/2017,23:46:00,126.7344,126.75,126.7344,126.7344,17
12/09/2017,23:47:00,126.7344,126.7344,126.7344,126.7344,60
12/09/2017,23:48:00,126.7344,126.7344,126.7344,126.7344,3
12/09/2017,23:49:00,126.7344,126.7344,126.7344,126.7344,53
12/09/2017,23:50:00,126.75,126.75,126.7344,126.7344,3
12/09/2017,23:51:00,126.7344,126.7344,126.7344,126.7344,2
12/09/2017,23:52:00,126.7344,126.7344,126.7344,126.7344,31
12/09/2017,23:53:00,126.7344,126.7344,126.7344,126.7344,453
12/09/2017,23:54:00,126.7344,126.7344,126.7188,126.7188,368
12/09/2017,23:55:00,126.7188,126.7188,126.7188,126.7188,2
12/09/2017,23:57:00,126.7344,126.7344,126.7344,126.7344,14
12/09/2017,23:59:00,126.7344,126.7344,126.7344,126.7344,2